Timestamp,Loc uncertainty,Loc permanent failure,End1 ext block
2022-06-22 10:18:45.4,1.355,False,713
2022-06-22 10:18:45.6,1.387,False,713
2022-06-22 10:18:45.8,1.414,False,713
2022-06-22 10:18:46.0,1.418,False,713
2022-06-22 10:19:07.4,1.420,False,713
2022-06-22 10:19:07.6,1.422,False,713
2022-06-22 10:19:07.8,1.424,False,713
2022-06-22 10:19:08.0,1.425,False,713
2022-06-22 10:19:08.2,1.428,False,713
2022-06-22 10:19:08.4,1.430,False,713
2022-06-22 10:19:08.6,1.433,False,713
2022-06-22 10:19:08.8,1.435,False,713
2022-06-22 10:19:09.0,1.438,False,713
2022-06-22 10:19:09.2,1.439,False,713
2022-06-22 10:19:09.4,1.442,False,713
2022-06-22 10:19:09.6,1.444,False,713
2022-06-22 10:19:09.8,1.447,False,713
2022-06-22 10:19:10.0,1.450,False,713
2022-06-22 10:19:10.2,1.452,False,713
2022-06-22 10:19:10.4,1.455,False,713
2022-06-22 10:19:10.6,1.459,False,713
2022-06-22 10:19:10.8,1.463,False,713
2022-06-22 10:19:11.0,1.468,False,713
2022-06-22 10:19:11.2,1.473,False,713
2022-06-22 10:19:11.4,1.477,False,713
2022-06-22 10:19:11.6,1.481,False,713
2022-06-22 10:19:11.8,1.487,False,713
2022-06-22 10:19:12.0,1.492,False,713
2022-06-22 10:19:12.2,1.498,False,713
2022-06-22 10:19:12.4,1.503,False,713
2022-06-22 10:19:12.6,1.508,False,713
2022-06-22 10:19:12.8,1.514,False,713
2022-06-22 10:19:13.0,1.519,False,713
2022-06-22 10:19:13.2,1.524,False,713
2022-06-22 10:19:13.4,1.529,False,713
2022-06-22 10:19:13.6,1.535,False,713
2022-06-22 10:19:13.8,1.541,False,713
2022-06-22 10:19:14.0,1.547,False,713
2022-06-22 10:19:14.2,1.553,False,713
2022-06-22 10:19:14.4,1.558,False,713
2022-06-22 10:19:14.6,1.563,False,713
2022-06-22 10:19:14.8,1.570,False,713
2022-06-22 10:19:15.0,1.576,False,713
2022-06-22 10:19:15.2,1.583,False,713
2022-06-22 10:19:15.4,1.589,False,713
2022-06-22 10:19:15.6,1.596,False,713
2022-06-22 10:19:15.8,1.603,False,713
2022-06-22 10:19:16.0,1.608,False,713
2022-06-22 10:19:16.2,1.615,False,713
2022-06-22 10:19:16.4,1.623,False,713
2022-06-22 10:19:16.6,1.630,False,713
2022-06-22 10:19:16.8,1.638,False,713
2022-06-22 10:19:17.0,1.645,False,713
2022-06-22 10:19:17.2,1.653,False,713
2022-06-22 10:19:17.4,1.661,False,713
2022-06-22 10:19:17.6,1.669,False,713
2022-06-22 10:19:17.8,1.677,False,713
2022-06-22 10:19:18.0,1.686,False,713
2022-06-22 10:19:18.2,1.694,False,713
2022-06-22 10:19:18.4,1.703,False,713
2022-06-22 10:19:18.6,1.712,False,713
2022-06-22 10:19:18.8,1.721,False,713
2022-06-22 10:19:19.0,1.729,False,713
2022-06-22 10:19:19.2,1.739,False,713
2022-06-22 10:19:19.4,1.749,False,713
2022-06-22 10:19:19.6,1.759,False,713
2022-06-22 10:19:19.8,1.769,False,713
2022-06-22 10:19:20.0,1.778,False,713
2022-06-22 10:19:20.2,1.788,False,713
2022-06-22 10:19:20.4,1.799,False,713
2022-06-22 10:19:20.6,1.810,False,713
2022-06-22 10:19:20.8,1.820,False,713
2022-06-22 10:19:21.0,1.831,False,713
2022-06-22 10:19:21.2,1.842,False,713
2022-06-22 10:19:21.4,1.852,False,713
2022-06-22 10:19:21.6,1.862,False,713
2022-06-22 10:19:21.8,1.873,False,713
2022-06-22 10:19:22.0,1.884,False,713
2022-06-22 10:19:22.2,1.895,False,713
2022-06-22 10:19:22.4,1.905,False,713
2022-06-22 10:19:22.6,1.916,False,713
2022-06-22 10:19:22.8,1.927,False,713
2022-06-22 10:19:23.0,1.938,False,713
2022-06-22 10:19:23.2,1.948,False,713
2022-06-22 10:19:23.4,1.959,False,713
2022-06-22 10:19:23.6,1.970,False,713
2022-06-22 10:19:23.8,1.979,False,713
2022-06-22 10:19:24.0,1.990,False,713
2022-06-22 10:19:24.2,2.001,False,713
2022-06-22 10:19:24.4,2.012,False,713
2022-06-22 10:19:24.6,2.022,False,713
2022-06-22 10:19:24.8,2.032,False,713
2022-06-22 10:19:25.0,2.043,False,713
2022-06-22 10:19:25.2,2.054,False,713
2022-06-22 10:19:25.4,2.064,False,713
2022-06-22 10:19:25.6,2.074,False,713
2022-06-22 10:19:25.8,2.085,False,713
2022-06-22 10:19:26.0,2.095,False,713
2022-06-22 10:19:26.2,2.105,False,713
2022-06-22 10:19:26.4,2.116,False,713
2022-06-22 10:19:26.6,2.126,False,713
2022-06-22 10:19:26.8,2.136,False,713
2022-06-22 10:19:27.0,2.146,False,713
2022-06-22 10:19:27.2,2.156,False,713
2022-06-22 10:19:27.4,2.166,False,713
2022-06-22 10:19:27.6,2.176,False,713
2022-06-22 10:19:27.8,2.186,False,713
2022-06-22 10:19:28.0,2.195,False,713
2022-06-22 10:19:28.2,2.206,False,713
2022-06-22 10:19:28.4,2.215,False,713
2022-06-22 10:19:28.6,2.226,False,713
2022-06-22 10:19:28.8,2.235,False,712
2022-06-22 10:19:29.0,2.245,False,712
2022-06-22 10:19:29.2,2.256,False,712
2022-06-22 10:19:29.4,2.266,False,712
2022-06-22 10:19:29.6,2.275,False,712
2022-06-22 10:19:29.8,2.285,False,712
2022-06-22 10:19:30.0,2.295,False,712
2022-06-22 10:19:30.2,2.305,False,712
2022-06-22 10:19:30.4,2.314,False,712
2022-06-22 10:19:30.6,2.324,False,712
2022-06-22 10:19:30.8,2.334,False,712
2022-06-22 10:19:31.0,2.344,False,712
2022-06-22 10:19:31.2,2.354,False,712
2022-06-22 10:19:31.4,2.363,False,712
2022-06-22 10:19:31.6,2.373,False,712
2022-06-22 10:19:31.8,2.383,False,712
2022-06-22 10:19:32.0,2.393,False,712
2022-06-22 10:19:32.2,2.402,False,712
2022-06-22 10:19:32.4,2.412,False,712
2022-06-22 10:19:32.6,2.422,False,712
2022-06-22 10:19:32.8,2.432,False,712
2022-06-22 10:19:33.0,2.441,False,712
2022-06-22 10:19:33.2,2.451,False,712
2022-06-22 10:19:33.4,2.461,False,712
2022-06-22 10:19:33.6,2.470,False,712
2022-06-22 10:19:33.8,2.479,False,712
2022-06-22 10:19:34.0,2.489,False,712
2022-06-22 10:19:34.2,2.498,False,712
2022-06-22 10:19:34.4,2.508,False,712
2022-06-22 10:19:34.6,2.518,False,712
2022-06-22 10:19:34.8,2.526,False,712
2022-06-22 10:19:35.0,2.536,False,712
2022-06-22 10:19:35.2,2.546,False,712
2022-06-22 10:19:35.4,2.555,False,712
2022-06-22 10:19:35.6,2.563,False,712
2022-06-22 10:19:35.8,2.572,False,712
2022-06-22 10:19:36.0,2.582,False,712
2022-06-22 10:19:36.2,2.591,False,712
2022-06-22 10:19:36.4,2.601,False,712
2022-06-22 10:19:36.6,2.609,False,712
2022-06-22 10:19:36.8,2.618,False,712
2022-06-22 10:19:37.0,2.627,False,712
2022-06-22 10:19:37.2,2.636,False,712
2022-06-22 10:19:37.4,2.644,False,712
2022-06-22 10:19:37.6,2.652,False,712
2022-06-22 10:19:37.8,2.661,False,712
2022-06-22 10:19:38.0,2.670,False,712
2022-06-22 10:19:38.2,2.679,False,712
2022-06-22 10:19:38.4,2.688,False,712
2022-06-22 10:19:38.6,2.696,False,712
2022-06-22 10:19:38.8,2.705,False,712
2022-06-22 10:19:39.0,2.714,False,712
2022-06-22 10:19:39.2,2.724,False,712
2022-06-22 10:19:39.4,2.732,False,712
2022-06-22 10:19:39.6,2.741,False,712
2022-06-22 10:19:39.8,2.750,False,712
2022-06-22 10:19:40.0,2.759,False,712
2022-06-22 10:19:40.2,2.768,False,712
2022-06-22 10:19:40.4,2.776,False,712
2022-06-22 10:19:40.6,2.785,False,712
2022-06-22 10:19:40.8,2.794,False,712
2022-06-22 10:19:41.0,2.803,False,712
2022-06-22 10:19:41.2,2.812,False,712
2022-06-22 10:19:41.4,0.947,False,712
2022-06-22 10:19:41.6,0.955,False,712
2022-06-22 10:19:41.8,0.964,False,712
2022-06-22 10:19:42.0,0.972,False,712
2022-06-22 10:19:42.2,0.979,False,712
2022-06-22 10:19:42.4,0.987,False,712
2022-06-22 10:19:42.6,0.995,False,712
2022-06-22 10:19:42.8,1.004,False,712
2022-06-22 10:19:43.0,1.012,False,712
2022-06-22 10:19:43.2,1.021,False,712
2022-06-22 10:19:43.4,1.028,False,712
2022-06-22 10:19:43.6,1.036,False,712
2022-06-22 10:19:43.8,1.045,False,712
2022-06-22 10:19:44.0,1.053,False,712
2022-06-22 10:19:44.2,1.061,False,712
2022-06-22 10:19:44.4,1.069,False,712
2022-06-22 10:19:44.6,1.077,False,712
2022-06-22 10:19:44.8,1.086,False,712
2022-06-22 10:19:45.0,1.094,False,712
2022-06-22 10:19:45.2,1.103,False,712
2022-06-22 10:19:45.4,1.110,False,712
2022-06-22 10:19:45.6,1.119,False,712
2022-06-22 10:19:45.8,1.128,False,712
2022-06-22 10:19:46.0,1.136,False,712
2022-06-22 10:19:46.2,1.145,False,712
2022-06-22 10:19:46.4,1.152,False,712
2022-06-22 10:19:46.6,1.161,False,712
2022-06-22 10:19:46.8,1.169,False,712
2022-06-22 10:19:47.0,1.178,False,712
2022-06-22 10:19:47.2,1.186,False,712
2022-06-22 10:19:47.4,1.193,False,712
2022-06-22 10:19:47.6,1.201,False,712
2022-06-22 10:19:47.8,1.209,False,712
2022-06-22 10:19:48.0,1.217,False,712
2022-06-22 10:19:48.2,1.225,False,712
2022-06-22 10:19:48.4,1.232,False,712
2022-06-22 10:19:48.6,1.240,False,712
2022-06-22 10:19:48.8,1.248,False,712
2022-06-22 10:19:49.0,1.256,False,712
2022-06-22 10:19:49.2,1.264,False,712
2022-06-22 10:19:49.4,1.272,False,712
2022-06-22 10:19:49.6,1.280,False,712
2022-06-22 10:19:49.8,1.289,False,712
2022-06-22 10:19:50.0,1.298,False,712
2022-06-22 10:19:50.2,1.306,False,712
2022-06-22 10:19:50.4,1.314,False,712
2022-06-22 10:19:50.6,1.322,False,712
2022-06-22 10:19:50.8,1.330,False,712
2022-06-22 10:19:51.0,1.339,False,712
2022-06-22 10:19:51.2,1.347,False,712
2022-06-22 10:19:51.4,1.354,False,712
2022-06-22 10:19:51.6,1.362,False,712
2022-06-22 10:19:51.8,1.370,False,712
2022-06-22 10:19:52.0,1.378,False,712
2022-06-22 10:19:52.2,1.386,False,712
2022-06-22 10:19:52.4,1.394,False,712
2022-06-22 10:19:52.6,1.401,False,712
2022-06-22 10:19:52.8,1.408,False,712
2022-06-22 10:19:53.0,1.416,False,712
2022-06-22 10:19:53.2,1.424,False,712
2022-06-22 10:19:53.4,1.431,False,712
2022-06-22 10:19:53.6,1.438,False,712
2022-06-22 10:19:53.8,1.446,False,712
2022-06-22 10:19:54.0,1.454,False,712
2022-06-22 10:19:54.2,1.461,False,712
2022-06-22 10:19:54.4,1.469,False,712
2022-06-22 10:19:54.6,1.477,False,712
2022-06-22 10:19:54.8,1.484,False,712
2022-06-22 10:19:55.0,1.491,False,712
2022-06-22 10:19:55.2,0.968,False,712
2022-06-22 10:19:55.4,0.976,False,712
2022-06-22 10:19:55.6,0.982,False,712
2022-06-22 10:19:55.8,0.991,False,712
2022-06-22 10:19:56.0,0.999,False,712
2022-06-22 10:19:56.2,1.007,False,712
2022-06-22 10:19:56.4,1.015,False,712
2022-06-22 10:19:56.6,1.023,False,712
2022-06-22 10:19:56.8,1.031,False,712
2022-06-22 10:19:57.0,1.039,False,712
2022-06-22 10:19:57.2,1.048,False,712
2022-06-22 10:19:57.4,1.057,False,712
2022-06-22 10:19:57.6,1.065,False,712
2022-06-22 10:19:57.8,1.074,False,712
2022-06-22 10:19:58.0,1.083,False,712
2022-06-22 10:19:58.2,1.092,False,712
2022-06-22 10:19:58.4,1.102,False,712
2022-06-22 10:19:58.6,1.111,False,712
2022-06-22 10:19:58.8,1.121,False,712
2022-06-22 10:19:59.0,1.131,False,712
2022-06-22 10:19:59.2,1.141,False,712
2022-06-22 10:19:59.4,1.150,False,712
2022-06-22 10:19:59.6,1.160,False,712
2022-06-22 10:19:59.8,1.170,False,712
2022-06-22 10:20:00.0,1.180,False,712
2022-06-22 10:20:00.2,1.189,False,712
2022-06-22 10:20:00.4,1.198,False,712
2022-06-22 10:20:00.6,1.209,False,712
2022-06-22 10:20:00.8,1.220,False,712
2022-06-22 10:20:01.0,1.230,False,712
2022-06-22 10:20:01.2,0.961,False,712
2022-06-22 10:20:01.4,0.972,False,712
2022-06-22 10:20:01.6,0.982,False,712
2022-06-22 10:20:01.8,0.993,False,712
2022-06-22 10:20:02.0,1.004,False,712
2022-06-22 10:20:02.2,1.015,False,712
2022-06-22 10:20:02.4,1.024,False,712
2022-06-22 10:20:02.6,1.036,False,712
2022-06-22 10:20:02.8,1.047,False,712
2022-06-22 10:20:03.0,1.059,False,712
2022-06-22 10:20:03.2,1.069,False,712
2022-06-22 10:20:03.4,1.080,False,712
2022-06-22 10:20:03.6,1.092,False,712
2022-06-22 10:20:03.8,1.103,False,712
2022-06-22 10:20:04.0,1.113,False,712
2022-06-22 10:20:04.2,1.125,False,712
2022-06-22 10:20:04.4,1.137,False,712
2022-06-22 10:20:04.6,1.148,False,712
2022-06-22 10:20:04.8,1.159,False,712
2022-06-22 10:20:05.0,1.171,False,712
2022-06-22 10:20:05.2,1.183,False,712
2022-06-22 10:20:05.4,1.194,False,712
2022-06-22 10:20:05.6,1.205,False,712
2022-06-22 10:20:05.8,1.218,False,712
2022-06-22 10:20:06.0,1.229,False,712
2022-06-22 10:20:06.2,1.241,False,712
2022-06-22 10:20:06.4,1.253,False,712
2022-06-22 10:20:06.6,1.265,False,712
2022-06-22 10:20:06.8,1.276,False,712
2022-06-22 10:20:07.0,1.288,False,712
2022-06-22 10:20:07.2,1.299,False,712
2022-06-22 10:20:07.4,1.312,False,712
2022-06-22 10:20:07.6,1.322,False,712
2022-06-22 10:20:07.8,1.334,False,712
2022-06-22 10:20:08.0,1.346,False,712
2022-06-22 10:20:08.2,1.356,False,712
2022-06-22 10:20:08.4,1.368,False,712
2022-06-22 10:20:08.6,1.379,False,712
2022-06-22 10:20:08.8,1.390,False,712
2022-06-22 10:20:09.0,1.400,False,712
2022-06-22 10:20:09.2,1.411,False,712
2022-06-22 10:20:09.4,1.422,False,712
2022-06-22 10:20:09.6,1.433,False,712
2022-06-22 10:20:09.8,1.442,False,712
2022-06-22 10:20:10.0,1.453,False,712
2022-06-22 10:20:10.2,1.464,False,712
2022-06-22 10:20:10.4,1.475,False,712
2022-06-22 10:20:10.6,1.484,False,712
2022-06-22 10:20:10.8,1.494,False,712
2022-06-22 10:20:11.0,1.505,False,712
2022-06-22 10:20:11.2,1.515,False,712
2022-06-22 10:20:11.4,1.524,False,712
2022-06-22 10:20:11.6,1.534,False,712
2022-06-22 10:20:11.8,1.544,False,712
2022-06-22 10:20:12.0,1.554,False,712
2022-06-22 10:20:12.2,1.563,False,712
2022-06-22 10:20:12.4,1.572,False,712
2022-06-22 10:20:12.6,1.581,False,712
2022-06-22 10:20:12.8,1.591,False,712
2022-06-22 10:20:13.0,1.601,False,712
2022-06-22 10:20:13.2,1.609,False,712
2022-06-22 10:20:13.4,1.618,False,712
2022-06-22 10:20:13.6,1.627,False,712
2022-06-22 10:20:13.8,1.636,False,712
2022-06-22 10:20:14.0,1.646,False,712
2022-06-22 10:20:14.2,1.654,False,712
2022-06-22 10:20:14.4,0.967,False,712
2022-06-22 10:20:14.6,0.976,False,712
2022-06-22 10:20:14.8,0.984,False,712
2022-06-22 10:20:15.0,0.993,False,712
2022-06-22 10:20:15.2,1.003,False,712
2022-06-22 10:20:15.4,1.013,False,712
2022-06-22 10:20:15.6,1.021,False,712
2022-06-22 10:20:15.8,1.030,False,712
2022-06-22 10:20:16.0,1.040,False,712
2022-06-22 10:20:16.2,1.049,False,712
2022-06-22 10:20:16.4,1.059,False,712
2022-06-22 10:20:16.6,1.067,False,712
2022-06-22 10:20:16.8,1.077,False,712
2022-06-22 10:20:17.0,1.087,False,712
2022-06-22 10:20:17.2,1.096,False,712
2022-06-22 10:20:17.4,1.105,False,712
2022-06-22 10:20:17.6,1.115,False,712
2022-06-22 10:20:17.8,1.124,False,712
2022-06-22 10:20:18.0,1.134,False,712
2022-06-22 10:20:18.2,1.144,False,712
2022-06-22 10:20:18.4,1.152,False,712
2022-06-22 10:20:18.6,1.162,False,712
2022-06-22 10:20:18.8,1.172,False,712
2022-06-22 10:20:19.0,1.182,False,712
2022-06-22 10:20:19.2,1.191,False,712
2022-06-22 10:20:19.4,1.201,False,712
2022-06-22 10:20:19.6,1.211,False,712
2022-06-22 10:20:19.8,1.221,False,712
2022-06-22 10:20:20.0,1.230,False,712
2022-06-22 10:20:20.2,1.240,False,712
2022-06-22 10:20:20.4,1.250,False,712
2022-06-22 10:20:20.6,1.259,False,712
2022-06-22 10:20:20.8,1.269,False,712
2022-06-22 10:20:21.0,1.278,False,712
2022-06-22 10:20:21.2,1.288,False,712
2022-06-22 10:20:21.4,1.298,False,712
2022-06-22 10:20:21.6,1.307,False,712
2022-06-22 10:20:21.8,1.316,False,712
2022-06-22 10:20:22.0,1.326,False,712
2022-06-22 10:20:22.2,1.336,False,712
2022-06-22 10:20:22.4,1.346,False,712
2022-06-22 10:20:22.6,1.355,False,712
2022-06-22 10:20:22.8,1.364,False,712
2022-06-22 10:20:23.0,1.374,False,712
2022-06-22 10:20:23.2,1.384,False,712
2022-06-22 10:20:23.4,0.969,False,712
2022-06-22 10:20:23.6,0.979,False,712
2022-06-22 10:20:23.8,0.988,False,712
2022-06-22 10:20:24.0,0.998,False,712
2022-06-22 10:20:24.2,1.007,False,712
2022-06-22 10:20:24.4,1.017,False,712
2022-06-22 10:20:24.6,1.026,False,712
2022-06-22 10:20:24.8,1.035,False,712
2022-06-22 10:20:25.0,1.046,False,712
2022-06-22 10:20:25.2,1.055,False,712
2022-06-22 10:20:25.4,1.064,False,712
2022-06-22 10:20:25.6,1.074,False,712
2022-06-22 10:20:25.8,1.083,False,712
2022-06-22 10:20:26.0,1.093,False,712
2022-06-22 10:20:26.2,1.103,False,712
2022-06-22 10:20:26.4,1.113,False,712
2022-06-22 10:20:26.6,1.122,False,712
2022-06-22 10:20:26.8,1.133,False,712
2022-06-22 10:20:27.0,1.143,False,712
2022-06-22 10:20:27.2,1.152,False,712
2022-06-22 10:20:27.4,1.163,False,712
2022-06-22 10:20:27.6,1.174,False,712
2022-06-22 10:20:27.8,1.184,False,712
2022-06-22 10:20:28.0,1.194,False,712
2022-06-22 10:20:28.2,1.205,False,712
2022-06-22 10:20:28.4,1.216,False,712
2022-06-22 10:20:28.6,1.227,False,712
2022-06-22 10:20:28.8,1.237,False,712
2022-06-22 10:20:29.0,1.249,False,712
2022-06-22 10:20:29.2,1.260,False,712
2022-06-22 10:20:29.4,1.271,False,712
2022-06-22 10:20:29.6,1.283,False,712
2022-06-22 10:20:29.8,1.296,False,712
2022-06-22 10:20:30.0,1.308,False,712
2022-06-22 10:20:30.2,1.319,False,712
2022-06-22 10:20:30.4,1.332,False,712
2022-06-22 10:20:30.6,1.345,False,712
2022-06-22 10:20:30.8,1.357,False,712
2022-06-22 10:20:31.0,1.370,False,712
2022-06-22 10:20:31.2,0.974,False,712
2022-06-22 10:20:31.4,0.986,False,712
2022-06-22 10:20:31.6,1.000,False,712
2022-06-22 10:20:31.8,1.014,False,712
2022-06-22 10:20:32.0,1.027,False,712
2022-06-22 10:20:32.2,1.041,False,712
2022-06-22 10:20:32.4,1.056,False,712
2022-06-22 10:20:32.6,1.070,False,712
2022-06-22 10:20:32.8,1.085,False,712
2022-06-22 10:20:33.0,1.100,False,712
2022-06-22 10:20:33.2,1.114,False,712
2022-06-22 10:20:33.4,1.130,False,712
2022-06-22 10:20:33.6,1.146,False,712
2022-06-22 10:20:33.8,1.161,False,712
2022-06-22 10:20:34.0,1.177,False,712
2022-06-22 10:20:34.2,1.192,False,712
2022-06-22 10:20:34.4,1.208,False,712
2022-06-22 10:20:34.6,1.224,False,712
2022-06-22 10:20:34.8,1.240,False,712
2022-06-22 10:20:35.0,1.257,False,712
2022-06-22 10:20:35.2,1.272,False,712
2022-06-22 10:20:35.4,1.289,False,712
2022-06-22 10:20:35.6,1.306,False,712
2022-06-22 10:20:35.8,1.322,False,712
2022-06-22 10:20:36.0,1.339,False,712
2022-06-22 10:20:36.2,1.355,False,712
2022-06-22 10:20:36.4,1.373,False,712
2022-06-22 10:20:36.6,1.390,False,711
2022-06-22 10:20:36.8,1.407,False,711
2022-06-22 10:20:37.0,1.425,False,711
2022-06-22 10:20:37.2,1.441,False,711
2022-06-22 10:20:37.4,1.459,False,711
2022-06-22 10:20:37.6,1.477,False,711
2022-06-22 10:20:37.8,1.495,False,711
2022-06-22 10:20:38.0,1.513,False,711
2022-06-22 10:20:38.2,1.531,False,711
2022-06-22 10:20:38.4,1.549,False,711
2022-06-22 10:20:38.6,1.567,False,711
2022-06-22 10:20:38.8,1.586,False,711
2022-06-22 10:20:39.0,1.604,False,711
2022-06-22 10:20:39.2,1.623,False,711
2022-06-22 10:20:39.4,1.643,False,711
2022-06-22 10:20:39.6,1.662,False,711
2022-06-22 10:20:39.8,1.681,False,711
2022-06-22 10:20:40.0,1.701,False,711
2022-06-22 10:20:40.2,1.721,False,711
2022-06-22 10:20:40.4,1.740,False,711
2022-06-22 10:20:40.6,1.760,False,711
2022-06-22 10:20:40.8,1.780,False,711
2022-06-22 10:20:41.0,1.800,False,711
2022-06-22 10:20:41.2,1.819,False,711
2022-06-22 10:20:41.4,1.839,False,711
2022-06-22 10:20:41.6,1.858,False,711
2022-06-22 10:20:41.8,1.878,False,711
2022-06-22 10:20:42.0,1.896,False,711
2022-06-22 10:20:42.2,1.916,False,711
2022-06-22 10:20:42.4,1.935,False,711
2022-06-22 10:20:42.6,1.954,False,711
2022-06-22 10:20:42.8,1.974,False,711
2022-06-22 10:20:43.0,1.992,False,711
2022-06-22 10:20:43.2,2.011,False,711
2022-06-22 10:20:43.4,2.030,False,711
2022-06-22 10:20:43.6,2.049,False,711
2022-06-22 10:20:43.8,2.067,False,711
2022-06-22 10:20:44.0,2.085,False,711
2022-06-22 10:20:44.2,2.145,False,711
2022-06-22 10:20:44.4,2.204,False,711
2022-06-22 10:20:44.6,2.298,False,711
2022-06-22 10:20:44.8,2.392,False,711
2022-06-22 10:20:45.0,2.478,False,711
2022-06-22 10:20:45.2,2.563,False,711
2022-06-22 10:20:45.4,2.642,False,711
2022-06-22 10:20:45.6,2.720,False,711
2022-06-22 10:20:45.8,2.794,False,711
2022-06-22 10:20:46.0,2.868,False,711
2022-06-22 10:20:46.2,2.938,False,711
2022-06-22 10:20:46.4,3.005,False,711
2022-06-22 10:20:46.6,3.070,False,711
2022-06-22 10:20:46.8,3.129,False,711
2022-06-22 10:20:47.0,3.191,False,711
2022-06-22 10:20:47.2,3.246,False,711
2022-06-22 10:20:47.4,3.301,False,711
2022-06-22 10:20:47.6,3.352,False,711
2022-06-22 10:20:47.8,3.402,False,711
2022-06-22 10:20:48.0,3.453,False,711
2022-06-22 10:20:48.2,3.504,False,711
2022-06-22 10:20:48.4,3.555,False,711
2022-06-22 10:20:48.6,3.562,False,711
2022-06-22 10:20:48.8,3.571,False,711
2022-06-22 10:20:49.0,3.579,False,711
2022-06-22 10:20:49.2,3.587,False,711
2022-06-22 10:20:49.4,3.596,False,711
2022-06-22 10:20:49.6,3.604,False,711
2022-06-22 10:20:49.8,3.612,False,711
2022-06-22 10:20:50.0,3.621,False,711
2022-06-22 10:20:50.2,3.630,False,711
2022-06-22 10:20:50.4,3.640,False,711
2022-06-22 10:20:50.6,3.649,False,711
2022-06-22 10:20:50.8,3.659,False,711
2022-06-22 10:20:51.0,3.669,False,711
2022-06-22 10:20:51.2,0.965,False,711
2022-06-22 10:20:51.4,0.976,False,711
2022-06-22 10:20:51.6,0.986,False,711
2022-06-22 10:20:51.8,0.998,False,711
2022-06-22 10:20:52.0,1.009,False,711
2022-06-22 10:20:52.2,1.020,False,711
2022-06-22 10:20:52.4,1.030,False,711
2022-06-22 10:20:52.6,1.042,False,711
2022-06-22 10:20:52.8,1.053,False,711
2022-06-22 10:20:53.0,1.064,False,711
2022-06-22 10:20:53.2,1.076,False,711
2022-06-22 10:20:53.4,1.089,False,711
2022-06-22 10:20:53.6,1.101,False,711
2022-06-22 10:20:53.8,1.111,False,711
2022-06-22 10:20:54.0,1.124,False,711
2022-06-22 10:20:54.2,1.136,False,711
2022-06-22 10:20:54.4,1.147,False,711
2022-06-22 10:20:54.6,1.159,False,711
2022-06-22 10:20:54.8,1.172,False,711
2022-06-22 10:20:55.0,1.184,False,711
2022-06-22 10:20:55.2,1.196,False,711
2022-06-22 10:20:55.4,1.209,False,711
2022-06-22 10:20:55.6,1.222,False,711
2022-06-22 10:20:55.8,1.235,False,711
2022-06-22 10:20:56.0,1.249,False,711
2022-06-22 10:20:56.2,1.263,False,711
2022-06-22 10:20:56.4,1.277,False,711
2022-06-22 10:20:56.6,1.291,False,711
2022-06-22 10:20:56.8,1.305,False,711
2022-06-22 10:20:57.0,0.968,False,711
2022-06-22 10:20:57.2,0.982,False,711
2022-06-22 10:20:57.4,0.996,False,711
2022-06-22 10:20:57.6,1.011,False,711
2022-06-22 10:20:57.8,1.024,False,711
2022-06-22 10:20:58.0,1.039,False,711
2022-06-22 10:20:58.2,1.053,False,711
2022-06-22 10:20:58.4,1.067,False,711
2022-06-22 10:20:58.6,1.082,False,711
2022-06-22 10:20:58.8,1.096,False,711
2022-06-22 10:20:59.0,1.110,False,711
2022-06-22 10:20:59.2,1.125,False,711
2022-06-22 10:20:59.4,1.140,False,711
2022-06-22 10:20:59.6,1.154,False,711
2022-06-22 10:20:59.8,1.170,False,711
2022-06-22 10:21:00.0,1.186,False,711
2022-06-22 10:21:00.2,1.200,False,711
2022-06-22 10:21:00.4,1.216,False,711
2022-06-22 10:21:00.6,1.231,False,711
2022-06-22 10:21:00.8,1.248,False,711
2022-06-22 10:21:01.0,1.264,False,711
2022-06-22 10:21:01.2,1.279,False,711
2022-06-22 10:21:01.4,1.295,False,711
2022-06-22 10:21:01.6,1.311,False,711
2022-06-22 10:21:01.8,1.327,False,711
2022-06-22 10:21:02.0,1.343,False,711
2022-06-22 10:21:02.2,1.358,False,711
2022-06-22 10:21:02.4,1.375,False,711
2022-06-22 10:21:02.6,1.391,False,711
2022-06-22 10:21:02.8,1.407,False,711
2022-06-22 10:21:03.0,1.423,False,711
2022-06-22 10:21:03.2,1.439,False,711
2022-06-22 10:21:03.4,0.973,False,710
2022-06-22 10:21:03.6,0.989,False,710
2022-06-22 10:21:03.8,1.005,False,710
2022-06-22 10:21:04.0,1.021,False,710
2022-06-22 10:21:04.2,1.038,False,710
2022-06-22 10:21:04.4,1.055,False,710
2022-06-22 10:21:04.6,1.070,False,710
2022-06-22 10:21:04.8,1.088,False,710
2022-06-22 10:21:05.0,1.104,False,710
2022-06-22 10:21:05.2,1.121,False,710
2022-06-22 10:21:05.4,1.138,False,710
2022-06-22 10:21:05.6,1.154,False,710
2022-06-22 10:21:05.8,1.171,False,710
2022-06-22 10:21:06.0,1.188,False,710
2022-06-22 10:21:06.2,1.203,False,710
2022-06-22 10:21:06.4,1.219,False,710
2022-06-22 10:21:06.6,1.233,False,710
2022-06-22 10:21:06.8,0.961,False,710
2022-06-22 10:21:07.0,0.976,False,710
2022-06-22 10:21:07.2,0.990,False,710
2022-06-22 10:21:07.4,1.005,False,710
2022-06-22 10:21:07.6,1.019,False,710
2022-06-22 10:21:07.8,1.032,False,710
2022-06-22 10:21:08.0,1.046,False,710
2022-06-22 10:21:08.2,1.059,False,710
2022-06-22 10:21:08.4,1.071,False,710
2022-06-22 10:21:08.6,1.084,False,710
2022-06-22 10:21:08.8,1.096,False,710
2022-06-22 10:21:09.0,1.108,False,710
2022-06-22 10:21:09.2,1.120,False,710
2022-06-22 10:21:09.4,1.174,False,710
2022-06-22 10:21:09.6,1.186,False,710
2022-06-22 10:21:09.8,1.196,False,710
2022-06-22 10:21:10.0,1.207,False,710
2022-06-22 10:21:10.2,1.218,False,710
2022-06-22 10:21:10.4,1.229,False,710
2022-06-22 10:21:10.6,1.240,False,710
2022-06-22 10:21:10.8,1.252,False,710
2022-06-22 10:21:11.0,1.263,False,710
2022-06-22 10:21:11.2,1.274,False,710
2022-06-22 10:21:11.4,1.285,False,710
2022-06-22 10:21:11.6,1.296,False,710
2022-06-22 10:21:11.8,1.308,False,710
2022-06-22 10:21:12.0,1.319,False,710
2022-06-22 10:21:12.2,1.331,False,710
2022-06-22 10:21:12.4,1.342,False,710
2022-06-22 10:21:12.6,1.354,False,710
2022-06-22 10:21:12.8,1.365,False,710
2022-06-22 10:21:13.0,1.377,False,710
2022-06-22 10:21:13.2,1.389,False,710
2022-06-22 10:21:13.4,1.400,False,710
2022-06-22 10:21:13.6,1.412,False,710
2022-06-22 10:21:13.8,0.969,False,710
2022-06-22 10:21:14.0,0.980,False,710
2022-06-22 10:21:14.2,0.992,False,710
2022-06-22 10:21:14.4,1.004,False,710
2022-06-22 10:21:14.6,1.016,False,710
2022-06-22 10:21:14.8,1.028,False,710
2022-06-22 10:21:15.0,1.041,False,710
2022-06-22 10:21:15.2,1.053,False,710
2022-06-22 10:21:15.4,1.064,False,710
2022-06-22 10:21:15.6,1.076,False,710
2022-06-22 10:21:15.8,1.089,False,710
2022-06-22 10:21:16.0,1.101,False,710
2022-06-22 10:21:16.2,1.113,False,710
2022-06-22 10:21:16.4,1.126,False,710
2022-06-22 10:21:16.6,1.138,False,710
2022-06-22 10:21:16.8,1.150,False,710
2022-06-22 10:21:17.0,1.163,False,710
2022-06-22 10:21:17.2,1.175,False,710
2022-06-22 10:21:17.4,1.188,False,710
2022-06-22 10:21:17.6,1.200,False,710
2022-06-22 10:21:17.8,1.213,False,710
2022-06-22 10:21:18.0,1.226,False,710
2022-06-22 10:21:18.2,1.237,False,710
2022-06-22 10:21:18.4,1.251,False,710
2022-06-22 10:21:18.6,1.264,False,710
2022-06-22 10:21:18.8,1.276,False,710
2022-06-22 10:21:19.0,1.288,False,710
2022-06-22 10:21:19.2,1.301,False,710
2022-06-22 10:21:19.4,1.313,False,710
2022-06-22 10:21:19.6,1.327,False,710
2022-06-22 10:21:19.8,1.340,False,710
2022-06-22 10:21:20.0,1.353,False,710
2022-06-22 10:21:20.2,1.365,False,710
2022-06-22 10:21:20.4,1.378,False,710
2022-06-22 10:21:20.6,0.972,False,710
2022-06-22 10:21:20.8,0.984,False,710
2022-06-22 10:21:21.0,0.997,False,710
2022-06-22 10:21:21.2,1.011,False,710
2022-06-22 10:21:21.4,1.024,False,710
2022-06-22 10:21:21.6,1.039,False,710
2022-06-22 10:21:21.8,1.054,False,710
2022-06-22 10:21:22.0,1.068,False,710
2022-06-22 10:21:22.2,1.083,False,710
2022-06-22 10:21:22.4,1.098,False,710
2022-06-22 10:21:22.6,1.113,False,710
2022-06-22 10:21:22.8,1.127,False,710
2022-06-22 10:21:23.0,1.143,False,710
2022-06-22 10:21:23.2,1.157,False,710
2022-06-22 10:21:23.4,1.173,False,710
2022-06-22 10:21:23.6,1.188,False,710
2022-06-22 10:21:23.8,1.202,False,710
2022-06-22 10:21:24.0,1.218,False,710
2022-06-22 10:21:24.2,1.232,False,710
2022-06-22 10:21:24.4,1.248,False,710
2022-06-22 10:21:24.6,1.263,False,710
2022-06-22 10:21:24.8,1.278,False,710
2022-06-22 10:21:25.0,1.293,False,710
2022-06-22 10:21:25.2,1.309,False,710
2022-06-22 10:21:25.4,1.324,False,710
2022-06-22 10:21:25.6,1.341,False,710
2022-06-22 10:21:25.8,1.357,False,710
2022-06-22 10:21:26.0,1.373,False,710
2022-06-22 10:21:26.2,1.390,False,710
2022-06-22 10:21:26.4,1.405,False,710
2022-06-22 10:21:26.6,1.422,False,710
2022-06-22 10:21:26.8,1.438,False,710
2022-06-22 10:21:27.0,1.454,False,710
2022-06-22 10:21:27.2,1.471,False,710
2022-06-22 10:21:27.4,1.487,False,710
2022-06-22 10:21:27.6,1.503,False,710
2022-06-22 10:21:27.8,1.520,False,710
2022-06-22 10:21:28.0,1.536,False,710
2022-06-22 10:21:28.2,1.553,False,710
2022-06-22 10:21:28.4,1.568,False,710
2022-06-22 10:21:28.6,1.584,False,710
2022-06-22 10:21:28.8,1.601,False,710
2022-06-22 10:21:29.0,1.617,False,710
2022-06-22 10:21:29.2,1.634,False,710
2022-06-22 10:21:29.4,1.649,False,710
2022-06-22 10:21:29.6,1.666,False,710
2022-06-22 10:21:29.8,1.683,False,710
2022-06-22 10:21:30.0,1.699,False,710
2022-06-22 10:21:30.2,1.715,False,710
2022-06-22 10:21:30.4,1.731,False,710
2022-06-22 10:21:30.6,1.747,False,710
2022-06-22 10:21:30.8,1.764,False,710
2022-06-22 10:21:31.0,1.780,False,710
2022-06-22 10:21:31.2,1.797,False,710
2022-06-22 10:21:31.4,1.812,False,710
2022-06-22 10:21:31.6,1.829,False,710
2022-06-22 10:21:31.8,1.845,False,710
2022-06-22 10:21:32.0,1.861,False,710
2022-06-22 10:21:32.2,1.877,False,710
2022-06-22 10:21:32.4,1.894,False,710
2022-06-22 10:21:32.6,1.909,False,710
2022-06-22 10:21:32.8,1.926,False,710
2022-06-22 10:21:33.0,0.977,False,710
2022-06-22 10:21:33.2,0.993,False,710
2022-06-22 10:21:33.4,1.009,False,710
2022-06-22 10:21:33.6,1.024,False,710
2022-06-22 10:21:33.8,1.042,False,710
2022-06-22 10:21:34.0,1.059,False,710
2022-06-22 10:21:34.2,1.076,False,710
2022-06-22 10:21:34.4,1.093,False,710
2022-06-22 10:21:34.6,1.110,False,710
2022-06-22 10:21:34.8,1.129,False,710
2022-06-22 10:21:35.0,1.146,False,710
2022-06-22 10:21:35.2,1.165,False,710
2022-06-22 10:21:35.4,1.184,False,710
2022-06-22 10:21:35.6,1.203,False,710
2022-06-22 10:21:35.8,1.222,False,710
2022-06-22 10:21:36.0,1.241,False,710
2022-06-22 10:21:36.2,1.260,False,710
2022-06-22 10:21:36.4,1.279,False,710
2022-06-22 10:21:36.6,1.298,False,710
2022-06-22 10:21:36.8,1.317,False,710
2022-06-22 10:21:37.0,1.336,False,710
2022-06-22 10:21:37.2,1.355,False,710
2022-06-22 10:21:37.4,1.374,False,710
2022-06-22 10:21:37.6,1.394,False,710
2022-06-22 10:21:37.8,1.412,False,710
2022-06-22 10:21:38.0,1.432,False,710
2022-06-22 10:21:38.2,1.450,False,710
2022-06-22 10:21:38.4,1.469,False,710
2022-06-22 10:21:38.6,1.487,False,710
2022-06-22 10:21:38.8,1.507,False,710
2022-06-22 10:21:39.0,1.524,False,710
2022-06-22 10:21:39.2,1.544,False,710
2022-06-22 10:21:39.4,1.562,False,710
2022-06-22 10:21:39.6,1.581,False,710
2022-06-22 10:21:39.8,1.599,False,710
2022-06-22 10:21:40.0,1.617,False,710
2022-06-22 10:21:40.2,1.636,False,710
2022-06-22 10:21:40.4,1.654,False,710
2022-06-22 10:21:40.6,1.673,False,710
2022-06-22 10:21:40.8,1.690,False,710
2022-06-22 10:21:41.0,1.709,False,710
2022-06-22 10:21:41.2,1.728,False,710
2022-06-22 10:21:41.4,1.745,False,710
2022-06-22 10:21:41.6,1.764,False,710
2022-06-22 10:21:41.8,1.781,False,710
2022-06-22 10:21:42.0,1.800,False,710
2022-06-22 10:21:42.2,1.818,False,710
2022-06-22 10:21:42.4,1.836,False,710
2022-06-22 10:21:42.6,1.854,False,710
2022-06-22 10:21:42.8,1.871,False,710
2022-06-22 10:21:43.0,1.889,False,710
2022-06-22 10:21:43.2,1.906,False,710
2022-06-22 10:21:43.4,1.925,False,710
2022-06-22 10:21:43.6,1.942,False,710
2022-06-22 10:21:43.8,1.960,False,710
2022-06-22 10:21:44.0,1.978,False,710
2022-06-22 10:21:44.2,1.995,False,710
2022-06-22 10:21:44.4,2.013,False,710
2022-06-22 10:21:44.6,0.972,False,710
2022-06-22 10:21:44.8,0.989,False,710
2022-06-22 10:21:45.0,1.007,False,710
2022-06-22 10:21:45.2,1.023,False,710
2022-06-22 10:21:45.4,1.041,False,710
2022-06-22 10:21:45.6,1.059,False,710
2022-06-22 10:21:45.8,1.075,False,710
2022-06-22 10:21:46.0,1.092,False,710
2022-06-22 10:21:46.2,1.109,False,710
2022-06-22 10:21:46.4,1.126,False,710
2022-06-22 10:21:46.6,1.144,False,710
2022-06-22 10:21:46.8,1.159,False,710
2022-06-22 10:21:47.0,1.177,False,710
2022-06-22 10:21:47.2,1.193,False,710
2022-06-22 10:21:47.4,1.209,False,710
2022-06-22 10:21:47.6,1.227,False,710
2022-06-22 10:21:47.8,1.242,False,710
2022-06-22 10:21:48.0,1.259,False,710
2022-06-22 10:21:48.2,1.275,False,710
2022-06-22 10:21:48.4,1.292,False,710
2022-06-22 10:21:48.6,1.308,False,710
2022-06-22 10:21:48.8,1.324,False,710
2022-06-22 10:21:49.0,1.340,False,710
2022-06-22 10:21:49.2,1.355,False,710
2022-06-22 10:21:49.4,1.372,False,710
2022-06-22 10:21:49.6,1.388,False,710
2022-06-22 10:21:49.8,1.403,False,710
2022-06-22 10:21:50.0,1.420,False,710
2022-06-22 10:21:50.2,1.437,False,710
2022-06-22 10:21:50.4,1.453,False,710
2022-06-22 10:21:50.6,1.471,False,710
2022-06-22 10:21:50.8,1.487,False,710
2022-06-22 10:21:51.0,1.504,False,710
2022-06-22 10:21:51.2,1.521,False,710
2022-06-22 10:21:51.4,1.538,False,710
2022-06-22 10:21:51.6,1.554,False,710
2022-06-22 10:21:51.8,1.570,False,710
2022-06-22 10:21:52.0,1.588,False,710
2022-06-22 10:21:52.2,1.604,False,710
2022-06-22 10:21:52.4,1.620,False,710
2022-06-22 10:21:52.6,1.637,False,710
2022-06-22 10:21:52.8,1.653,False,710
2022-06-22 10:21:53.0,1.669,False,710
2022-06-22 10:21:53.2,1.686,False,710
2022-06-22 10:21:53.4,1.701,False,710
2022-06-22 10:21:53.6,1.717,False,710
2022-06-22 10:21:53.8,1.733,False,710
2022-06-22 10:21:54.0,1.749,False,710
2022-06-22 10:21:54.2,1.765,False,710
2022-06-22 10:21:54.4,1.780,False,710
2022-06-22 10:21:54.6,1.796,False,710
2022-06-22 10:21:54.8,1.812,False,710
2022-06-22 10:21:55.0,1.827,False,710
2022-06-22 10:21:55.2,1.843,False,710
2022-06-22 10:21:55.4,1.858,False,710
2022-06-22 10:21:55.6,1.875,False,710
2022-06-22 10:21:55.8,1.892,False,710
2022-06-22 10:21:56.0,1.908,False,710
2022-06-22 10:21:56.2,1.926,False,710
2022-06-22 10:21:56.4,1.942,False,710
2022-06-22 10:21:56.6,1.960,False,710
2022-06-22 10:21:56.8,1.978,False,710
2022-06-22 10:21:57.0,1.994,False,710
2022-06-22 10:21:57.2,2.011,False,710
2022-06-22 10:21:57.4,2.028,False,710
2022-06-22 10:21:57.6,2.045,False,710
2022-06-22 10:21:57.8,2.062,False,710
2022-06-22 10:21:58.0,2.078,False,710
2022-06-22 10:21:58.2,2.096,False,710
2022-06-22 10:21:58.4,2.113,False,710
2022-06-22 10:21:58.6,2.131,False,710
2022-06-22 10:21:58.8,2.148,False,710
2022-06-22 10:21:59.0,2.167,False,710
2022-06-22 10:21:59.2,2.185,False,710
2022-06-22 10:21:59.4,2.203,False,710
2022-06-22 10:21:59.6,2.222,False,710
2022-06-22 10:21:59.8,2.240,False,710
2022-06-22 10:22:00.0,2.259,False,710
2022-06-22 10:22:00.2,2.277,False,710
2022-06-22 10:22:00.4,2.296,False,710
2022-06-22 10:22:00.6,2.314,False,710
2022-06-22 10:22:00.8,2.333,False,710
2022-06-22 10:22:01.0,2.351,False,710
2022-06-22 10:22:01.2,2.369,False,710
2022-06-22 10:22:01.4,2.387,False,710
2022-06-22 10:22:01.6,2.405,False,710
2022-06-22 10:22:01.8,2.423,False,710
2022-06-22 10:22:02.0,2.440,False,710
2022-06-22 10:22:02.2,2.459,False,710
2022-06-22 10:22:02.4,2.477,False,710
2022-06-22 10:22:02.6,2.496,False,710
2022-06-22 10:22:02.8,2.515,False,710
2022-06-22 10:22:03.0,2.533,False,710
2022-06-22 10:22:03.2,2.553,False,710
2022-06-22 10:22:03.4,2.571,False,709
2022-06-22 10:22:03.6,2.591,False,709
2022-06-22 10:22:03.8,2.609,False,709
2022-06-22 10:22:04.0,2.629,False,709
2022-06-22 10:22:04.2,2.646,False,709
2022-06-22 10:22:04.4,2.666,False,709
2022-06-22 10:22:04.6,2.685,False,709
2022-06-22 10:22:04.8,2.703,False,709
2022-06-22 10:22:05.0,2.722,False,709
2022-06-22 10:22:05.2,2.740,False,709
2022-06-22 10:22:05.4,2.760,False,709
2022-06-22 10:22:05.6,2.778,False,709
2022-06-22 10:22:05.8,2.798,False,709
2022-06-22 10:22:06.0,2.817,False,709
2022-06-22 10:22:06.2,2.837,False,709
2022-06-22 10:22:06.4,2.856,False,709
2022-06-22 10:22:06.6,2.875,False,709
2022-06-22 10:22:06.8,2.895,False,709
2022-06-22 10:22:07.0,2.914,False,709
2022-06-22 10:22:07.2,2.933,False,709
2022-06-22 10:22:07.4,2.951,False,709
2022-06-22 10:22:07.6,2.971,False,709
2022-06-22 10:22:07.8,2.989,False,709
2022-06-22 10:22:08.0,3.008,False,709
2022-06-22 10:22:08.2,3.026,False,709
2022-06-22 10:22:08.4,3.045,False,709
2022-06-22 10:22:08.6,3.063,False,709
2022-06-22 10:22:08.8,3.082,False,709
2022-06-22 10:22:09.0,3.100,False,709
2022-06-22 10:22:09.2,3.118,False,709
2022-06-22 10:22:09.4,3.136,False,892
2022-06-22 10:22:09.6,3.154,False,892
2022-06-22 10:22:09.8,3.173,False,892
2022-06-22 10:22:10.0,3.190,False,892
2022-06-22 10:22:10.2,3.210,False,892
2022-06-22 10:22:10.4,3.229,False,892
2022-06-22 10:22:10.6,0.987,False,892
2022-06-22 10:22:10.8,1.007,False,892
2022-06-22 10:22:11.0,1.026,False,892
2022-06-22 10:22:11.2,1.046,False,892
2022-06-22 10:22:11.4,1.065,False,892
2022-06-22 10:22:11.6,1.085,False,892
2022-06-22 10:22:11.8,1.104,False,892
2022-06-22 10:22:12.0,1.123,False,892
2022-06-22 10:22:12.2,1.143,False,892
2022-06-22 10:22:12.4,1.162,False,892
2022-06-22 10:22:12.6,1.181,False,892
2022-06-22 10:22:12.8,0.970,False,892
2022-06-22 10:22:13.0,0.989,False,892
2022-06-22 10:22:13.2,1.008,False,892
2022-06-22 10:22:13.4,1.027,False,892
2022-06-22 10:22:13.6,1.048,False,892
2022-06-22 10:22:13.8,0.987,False,892
2022-06-22 10:22:14.0,1.008,False,892
2022-06-22 10:22:14.2,1.028,False,892
2022-06-22 10:22:14.4,1.049,False,892
2022-06-22 10:22:14.6,1.068,False,892
2022-06-22 10:22:14.8,1.089,False,892
2022-06-22 10:22:15.0,1.109,False,892
2022-06-22 10:22:15.2,1.129,False,892
2022-06-22 10:22:15.4,1.148,False,892
2022-06-22 10:22:15.6,1.169,False,892
2022-06-22 10:22:15.8,1.188,False,892
2022-06-22 10:22:16.0,1.208,False,892
2022-06-22 10:22:16.2,1.228,False,892
2022-06-22 10:22:16.4,1.247,False,892
2022-06-22 10:22:16.6,1.267,False,892
2022-06-22 10:22:16.8,1.285,False,892
2022-06-22 10:22:17.0,1.305,False,892
2022-06-22 10:22:17.2,1.323,False,892
2022-06-22 10:22:17.4,1.343,False,892
2022-06-22 10:22:17.6,1.362,False,892
2022-06-22 10:22:17.8,1.382,False,892
2022-06-22 10:22:18.0,1.401,False,892
2022-06-22 10:22:18.2,1.421,False,892
2022-06-22 10:22:18.4,1.440,False,892
2022-06-22 10:22:18.6,1.461,False,892
2022-06-22 10:22:18.8,1.481,False,892
2022-06-22 10:22:19.0,1.502,False,892
2022-06-22 10:22:19.2,1.543,False,892
2022-06-22 10:22:19.4,1.563,False,892
2022-06-22 10:22:19.6,1.583,False,892
2022-06-22 10:22:19.8,1.603,False,892
2022-06-22 10:22:20.0,1.623,False,892
2022-06-22 10:22:20.2,1.643,False,892
2022-06-22 10:22:20.4,1.662,False,892
2022-06-22 10:22:20.6,1.682,False,892
2022-06-22 10:22:20.8,1.701,False,892
2022-06-22 10:22:21.0,1.721,False,892
2022-06-22 10:22:21.2,1.740,False,892
2022-06-22 10:22:21.4,1.760,False,892
2022-06-22 10:22:21.6,1.779,False,892
2022-06-22 10:22:21.8,1.800,False,892
2022-06-22 10:22:22.0,1.820,False,892
2022-06-22 10:22:22.2,1.841,False,892
2022-06-22 10:22:22.4,1.861,False,892
2022-06-22 10:22:22.6,1.882,False,892
2022-06-22 10:22:22.8,1.902,False,892
2022-06-22 10:22:23.0,1.923,False,892
2022-06-22 10:22:23.2,0.961,False,892
2022-06-22 10:22:23.4,0.982,False,892
2022-06-22 10:22:23.6,1.002,False,892
2022-06-22 10:22:23.8,1.022,False,892
2022-06-22 10:22:24.0,1.042,False,892
2022-06-22 10:22:24.2,1.062,False,892
2022-06-22 10:22:24.4,1.083,False,892
2022-06-22 10:22:24.6,1.103,False,892
2022-06-22 10:22:24.8,1.122,False,892
2022-06-22 10:22:25.0,1.143,False,892
2022-06-22 10:22:25.2,1.162,False,892
2022-06-22 10:22:25.4,1.182,False,892
2022-06-22 10:22:25.6,1.202,False,892
2022-06-22 10:22:25.8,1.222,False,892
2022-06-22 10:22:26.0,1.241,False,892
2022-06-22 10:22:26.2,1.260,False,892
2022-06-22 10:22:26.4,1.279,False,892
2022-06-22 10:22:26.6,1.299,False,892
2022-06-22 10:22:26.8,1.318,False,892
2022-06-22 10:22:27.0,1.338,False,892
2022-06-22 10:22:27.2,1.357,False,892
2022-06-22 10:22:27.4,1.378,False,892
2022-06-22 10:22:27.6,1.398,False,892
2022-06-22 10:22:27.8,1.418,False,892
2022-06-22 10:22:28.0,1.439,False,892
2022-06-22 10:22:28.2,1.460,False,892
2022-06-22 10:22:28.4,1.481,False,892
2022-06-22 10:22:28.6,1.503,False,892
2022-06-22 10:22:28.8,1.524,False,891
2022-06-22 10:22:29.0,1.545,False,891
2022-06-22 10:22:29.2,1.567,False,891
2022-06-22 10:22:29.4,1.590,False,891
2022-06-22 10:22:29.6,1.612,False,891
2022-06-22 10:22:29.8,1.635,False,891
2022-06-22 10:22:30.0,1.657,False,891
2022-06-22 10:22:30.2,1.681,False,891
2022-06-22 10:22:30.4,1.704,False,891
2022-06-22 10:22:30.6,1.728,False,891
2022-06-22 10:22:30.8,1.751,False,891
2022-06-22 10:22:31.0,1.774,False,891
2022-06-22 10:22:31.2,1.798,False,891
2022-06-22 10:22:31.4,1.821,False,891
2022-06-22 10:22:31.6,1.847,False,891
2022-06-22 10:22:31.8,1.870,False,891
2022-06-22 10:22:32.0,1.895,False,891
2022-06-22 10:22:32.2,1.920,False,891
2022-06-22 10:22:32.4,1.945,False,891
2022-06-22 10:22:32.6,1.971,False,891
2022-06-22 10:22:32.8,1.995,False,891
2022-06-22 10:22:33.0,2.021,False,891
2022-06-22 10:22:33.2,2.047,False,891
2022-06-22 10:22:33.4,2.073,False,891
2022-06-22 10:22:33.6,2.100,False,891
2022-06-22 10:22:33.8,2.126,False,891
2022-06-22 10:22:34.0,2.152,False,891
2022-06-22 10:22:34.2,2.180,False,891
2022-06-22 10:22:34.4,2.207,False,891
2022-06-22 10:22:34.6,2.234,False,891
2022-06-22 10:22:34.8,2.262,False,891
2022-06-22 10:22:35.0,2.289,False,891
2022-06-22 10:22:35.2,2.316,False,891
2022-06-22 10:22:35.4,2.344,False,891
2022-06-22 10:22:35.6,2.370,False,891
2022-06-22 10:22:35.8,2.396,False,891
2022-06-22 10:22:36.0,2.422,False,891
2022-06-22 10:22:36.2,2.469,False,891
2022-06-22 10:22:36.4,2.537,False,891
2022-06-22 10:22:36.6,2.626,False,891
2022-06-22 10:22:36.8,2.736,False,891
2022-06-22 10:22:37.0,2.868,False,891
2022-06-22 10:22:37.2,3.005,False,891
2022-06-22 10:22:37.4,3.138,False,891
2022-06-22 10:22:37.6,3.271,False,891
2022-06-22 10:22:37.8,3.398,False,891
2022-06-22 10:22:38.0,3.523,False,891
2022-06-22 10:22:38.2,3.648,False,891
2022-06-22 10:22:38.4,3.770,False,891
2022-06-22 10:22:38.6,3.891,False,891
2022-06-22 10:22:38.8,4.012,False,891
2022-06-22 10:22:39.0,4.137,False,891
2022-06-22 10:22:39.2,4.261,False,891
2022-06-22 10:22:39.4,4.281,False,891
2022-06-22 10:22:39.6,4.302,False,891
2022-06-22 10:22:39.8,4.322,False,891
2022-06-22 10:22:40.0,4.343,False,891
2022-06-22 10:22:40.2,0.970,False,891
2022-06-22 10:22:40.4,0.991,False,891
2022-06-22 10:22:40.6,1.013,False,891
2022-06-22 10:22:40.8,1.033,False,891
2022-06-22 10:22:41.0,1.054,False,891
2022-06-22 10:22:41.2,1.074,False,891
2022-06-22 10:22:41.4,1.095,False,891
2022-06-22 10:22:41.6,1.115,False,891
2022-06-22 10:22:41.8,1.136,False,891
2022-06-22 10:22:42.0,1.156,False,891
2022-06-22 10:22:42.2,1.177,False,891
2022-06-22 10:22:42.4,1.196,False,891
2022-06-22 10:22:42.6,1.217,False,891
2022-06-22 10:22:42.8,1.237,False,891
2022-06-22 10:22:43.0,1.257,False,891
2022-06-22 10:22:43.2,1.277,False,891
2022-06-22 10:22:43.4,1.297,False,891
2022-06-22 10:22:43.6,1.317,False,891
2022-06-22 10:22:43.8,1.337,False,891
2022-06-22 10:22:44.0,1.356,False,891
2022-06-22 10:22:44.2,1.377,False,891
2022-06-22 10:22:44.4,1.396,False,891
2022-06-22 10:22:44.6,1.416,False,891
2022-06-22 10:22:44.8,1.436,False,891
2022-06-22 10:22:45.0,1.455,False,891
2022-06-22 10:22:45.2,1.475,False,891
2022-06-22 10:22:45.4,1.494,False,891
2022-06-22 10:22:45.6,1.514,False,891
2022-06-22 10:22:45.8,1.532,False,891
2022-06-22 10:22:46.0,1.552,False,891
2022-06-22 10:22:46.2,1.570,False,706
2022-06-22 10:22:46.4,1.590,False,706
2022-06-22 10:22:46.6,1.608,False,706
2022-06-22 10:22:46.8,1.627,False,706
2022-06-22 10:22:47.0,1.645,False,706
2022-06-22 10:22:47.2,1.662,False,706
2022-06-22 10:22:47.4,1.679,False,706
2022-06-22 10:22:47.6,1.696,False,706
2022-06-22 10:22:47.8,1.755,False,706
2022-06-22 10:22:48.0,1.814,False,706
2022-06-22 10:22:48.2,1.830,False,706
2022-06-22 10:22:48.4,1.888,False,706
2022-06-22 10:22:48.6,1.946,False,706
2022-06-22 10:22:48.8,1.961,False,705
2022-06-22 10:22:49.0,2.018,False,705
2022-06-22 10:22:49.2,2.074,False,705
2022-06-22 10:22:49.4,2.152,False,705
2022-06-22 10:22:49.6,2.226,False,705
2022-06-22 10:22:49.8,2.296,False,705
2022-06-22 10:22:50.0,2.362,False,705
2022-06-22 10:22:50.2,2.429,False,705
2022-06-22 10:22:50.4,2.491,False,705
2022-06-22 10:22:50.6,2.550,False,705
2022-06-22 10:22:50.8,2.604,False,705
2022-06-22 10:22:51.0,0.947,False,705
2022-06-22 10:22:51.2,0.994,False,705
2022-06-22 10:22:51.4,1.037,False,705
2022-06-22 10:22:51.6,1.076,False,705
2022-06-22 10:22:51.8,1.111,False,705
2022-06-22 10:22:52.0,1.143,False,705
2022-06-22 10:22:52.2,1.170,False,705
2022-06-22 10:22:52.4,1.193,False,705
2022-06-22 10:22:52.6,1.212,False,705
2022-06-22 10:22:52.8,1.228,False,705
2022-06-22 10:22:53.0,1.235,False,705
2022-06-22 10:22:53.2,1.243,False,705
2022-06-22 10:24:23.0,1.244,False,705
2022-06-22 10:24:23.4,1.245,False,705
2022-06-22 10:24:23.6,1.247,False,705
2022-06-22 10:24:23.8,1.250,False,705
2022-06-22 10:24:24.0,1.253,False,705
2022-06-22 10:24:24.2,1.258,False,705
2022-06-22 10:24:24.4,1.263,False,705
2022-06-22 10:24:24.6,1.269,False,705
2022-06-22 10:24:24.8,1.274,False,705
2022-06-22 10:24:25.0,0.967,False,705
2022-06-22 10:24:25.2,0.976,False,705
2022-06-22 10:24:25.4,0.984,False,705
2022-06-22 10:24:25.6,0.993,False,705
2022-06-22 10:24:25.8,1.003,False,705
2022-06-22 10:24:26.0,1.013,False,705
2022-06-22 10:24:26.2,1.022,False,705
2022-06-22 10:24:26.4,1.032,False,705
2022-06-22 10:24:26.6,1.042,False,705
2022-06-22 10:24:26.8,1.053,False,705
2022-06-22 10:24:27.0,1.063,False,705
2022-06-22 10:24:27.2,1.075,False,705
2022-06-22 10:24:27.4,1.087,False,705
2022-06-22 10:24:27.6,1.098,False,705
2022-06-22 10:24:27.8,1.109,False,705
2022-06-22 10:24:28.0,1.121,False,705
2022-06-22 10:24:28.2,1.133,False,705
2022-06-22 10:24:28.4,1.146,False,705
2022-06-22 10:24:28.6,0.949,False,705
2022-06-22 10:24:28.8,0.962,False,705
2022-06-22 10:24:29.0,0.975,False,705
2022-06-22 10:24:29.2,0.988,False,705
2022-06-22 10:24:29.4,1.001,False,705
2022-06-22 10:24:29.6,1.015,False,705
2022-06-22 10:24:29.8,1.028,False,705
2022-06-22 10:24:30.0,1.043,False,705
2022-06-22 10:24:30.2,1.057,False,705
2022-06-22 10:24:30.4,1.071,False,705
2022-06-22 10:24:30.6,1.086,False,705
2022-06-22 10:24:30.8,1.102,False,705
2022-06-22 10:24:31.0,1.116,False,705
2022-06-22 10:24:31.2,1.132,False,705
2022-06-22 10:24:31.4,1.147,False,705
2022-06-22 10:24:31.6,1.163,False,705
2022-06-22 10:24:31.8,1.180,False,705
2022-06-22 10:24:32.0,1.195,False,705
2022-06-22 10:24:32.2,1.212,False,705
2022-06-22 10:24:32.4,1.229,False,705
2022-06-22 10:24:32.6,1.246,False,705
2022-06-22 10:24:32.8,1.263,False,705
2022-06-22 10:24:33.0,1.280,False,705
2022-06-22 10:24:33.2,1.298,False,705
2022-06-22 10:24:33.4,1.315,False,705
2022-06-22 10:24:33.6,1.334,False,705
2022-06-22 10:24:33.8,1.353,False,705
2022-06-22 10:24:34.0,1.371,False,705
2022-06-22 10:24:34.2,1.390,False,705
2022-06-22 10:24:34.4,1.408,False,705
2022-06-22 10:24:34.6,1.428,False,705
2022-06-22 10:24:34.8,1.447,False,705
2022-06-22 10:24:35.0,1.467,False,705
2022-06-22 10:24:35.2,1.486,False,705
2022-06-22 10:24:35.4,1.507,False,705
2022-06-22 10:24:35.6,1.526,False,705
2022-06-22 10:24:35.8,1.548,False,705
2022-06-22 10:24:36.0,1.567,False,705
2022-06-22 10:24:36.2,1.589,False,705
2022-06-22 10:24:36.4,1.609,False,705
2022-06-22 10:24:36.6,1.631,False,705
2022-06-22 10:24:36.8,1.652,False,705
2022-06-22 10:24:37.0,1.674,False,705
2022-06-22 10:24:37.2,1.696,False,705
2022-06-22 10:24:37.4,1.718,False,705
2022-06-22 10:24:37.6,1.740,False,705
2022-06-22 10:24:37.8,1.762,False,705
2022-06-22 10:24:38.0,1.785,False,705
2022-06-22 10:24:38.2,1.808,False,705
2022-06-22 10:24:38.4,1.831,False,705
2022-06-22 10:24:38.6,1.854,False,705
2022-06-22 10:24:38.8,1.877,False,705
2022-06-22 10:24:39.0,1.900,False,705
2022-06-22 10:24:39.2,0.996,False,705
2022-06-22 10:24:39.4,1.020,False,705
2022-06-22 10:24:39.6,1.044,False,705
2022-06-22 10:24:39.8,1.068,False,705
2022-06-22 10:24:40.0,1.093,False,705
2022-06-22 10:24:40.2,1.117,False,705
2022-06-22 10:24:40.4,1.142,False,705
2022-06-22 10:24:40.6,1.166,False,705
2022-06-22 10:24:40.8,1.191,False,705
2022-06-22 10:24:41.0,1.217,False,705
2022-06-22 10:24:41.2,1.242,False,705
2022-06-22 10:24:41.4,1.269,False,705
2022-06-22 10:24:41.6,1.294,False,705
2022-06-22 10:24:41.8,1.319,False,705
2022-06-22 10:24:42.0,1.346,False,705
2022-06-22 10:24:42.2,1.372,False,705
2022-06-22 10:24:42.4,1.398,False,705
2022-06-22 10:24:42.6,1.425,False,705
2022-06-22 10:24:42.8,1.451,False,705
2022-06-22 10:24:43.0,1.478,False,705
2022-06-22 10:24:43.2,1.505,False,705
2022-06-22 10:24:43.4,1.532,False,705
2022-06-22 10:24:43.6,1.559,False,705
2022-06-22 10:24:43.8,1.586,False,705
2022-06-22 10:24:44.0,1.613,False,705
2022-06-22 10:24:44.2,1.641,False,705
2022-06-22 10:24:44.4,1.669,False,705
2022-06-22 10:24:44.6,1.696,False,705
2022-06-22 10:24:44.8,1.725,False,705
2022-06-22 10:24:45.0,1.752,False,705
2022-06-22 10:24:45.2,1.780,False,705
2022-06-22 10:24:45.4,1.809,False,705
2022-06-22 10:24:45.6,1.838,False,705
2022-06-22 10:24:45.8,1.866,False,705
2022-06-22 10:24:46.0,1.896,False,705
2022-06-22 10:24:46.2,1.924,False,705
2022-06-22 10:24:46.4,1.953,False,705
2022-06-22 10:24:46.6,1.982,False,705
2022-06-22 10:24:46.8,2.012,False,705
2022-06-22 10:24:47.0,2.041,False,705
2022-06-22 10:24:47.2,2.070,False,705
2022-06-22 10:24:47.4,2.101,False,705
2022-06-22 10:24:47.6,2.130,False,705
2022-06-22 10:24:47.8,2.159,False,705
2022-06-22 10:24:48.0,2.189,False,705
2022-06-22 10:24:48.2,2.219,False,705
2022-06-22 10:24:48.4,2.249,False,705
2022-06-22 10:24:48.6,0.997,False,705
2022-06-22 10:24:48.8,1.027,False,705
2022-06-22 10:24:49.0,1.058,False,705
2022-06-22 10:24:49.2,1.089,False,705
2022-06-22 10:24:49.4,1.119,False,705
2022-06-22 10:24:49.6,1.150,False,705
2022-06-22 10:24:49.8,1.182,False,705
2022-06-22 10:24:50.0,1.212,False,705
2022-06-22 10:24:50.2,1.243,False,705
2022-06-22 10:24:50.4,1.275,False,705
2022-06-22 10:24:50.6,1.307,False,705
2022-06-22 10:24:50.8,1.338,False,705
2022-06-22 10:24:51.0,1.370,False,705
2022-06-22 10:24:51.2,1.401,False,705
2022-06-22 10:24:51.4,1.433,False,705
2022-06-22 10:24:51.6,1.465,False,705
2022-06-22 10:24:51.8,1.496,False,705
2022-06-22 10:24:52.0,1.527,False,705
2022-06-22 10:24:52.2,1.558,False,705
2022-06-22 10:24:52.4,1.589,False,705
2022-06-22 10:24:52.6,1.620,False,705
2022-06-22 10:24:52.8,1.650,False,705
2022-06-22 10:24:53.0,1.681,False,705
2022-06-22 10:24:53.2,1.712,False,705
2022-06-22 10:24:53.4,1.743,False,705
2022-06-22 10:24:53.6,1.773,False,705
2022-06-22 10:24:53.8,1.803,False,705
2022-06-22 10:24:54.0,1.834,False,705
2022-06-22 10:24:54.2,1.864,False,705
2022-06-22 10:24:54.4,1.895,False,705
2022-06-22 10:24:54.6,1.925,False,705
2022-06-22 10:24:54.8,1.954,False,705
2022-06-22 10:24:55.0,1.984,False,705
2022-06-22 10:24:55.2,2.014,False,705
2022-06-22 10:24:55.4,2.044,False,705
2022-06-22 10:24:55.6,2.074,False,705
2022-06-22 10:24:55.8,2.104,False,705
2022-06-22 10:24:56.0,2.154,False,705
2022-06-22 10:24:56.2,2.184,False,705
2022-06-22 10:24:56.4,2.213,False,705
2022-06-22 10:24:56.6,2.242,False,705
2022-06-22 10:24:56.8,2.271,False,705
2022-06-22 10:24:57.0,2.300,False,705
2022-06-22 10:24:57.2,2.329,False,705
2022-06-22 10:24:57.4,2.358,False,705
2022-06-22 10:24:57.6,2.387,False,705
2022-06-22 10:24:57.8,2.415,False,705
2022-06-22 10:24:58.0,2.443,False,705
2022-06-22 10:24:58.2,2.473,False,705
2022-06-22 10:24:58.4,2.501,False,705
2022-06-22 10:24:58.6,2.529,False,705
2022-06-22 10:24:58.8,2.558,False,705
2022-06-22 10:24:59.0,2.586,False,705
2022-06-22 10:24:59.2,2.613,False,705
2022-06-22 10:24:59.4,1.005,False,705
2022-06-22 10:24:59.6,1.033,False,705
2022-06-22 10:24:59.8,1.062,False,705
2022-06-22 10:25:00.0,1.091,False,704
2022-06-22 10:25:00.2,1.119,False,704
2022-06-22 10:25:00.4,1.147,False,704
2022-06-22 10:25:00.6,1.178,False,704
2022-06-22 10:25:00.8,1.206,False,704
2022-06-22 10:25:01.0,1.235,False,703
2022-06-22 10:25:01.2,1.265,False,703
2022-06-22 10:25:01.4,1.295,False,703
2022-06-22 10:25:01.6,1.324,False,703
2022-06-22 10:25:01.8,1.354,False,703
2022-06-22 10:25:02.0,1.384,False,703
2022-06-22 10:25:02.2,1.413,False,703
2022-06-22 10:25:02.4,1.443,False,703
2022-06-22 10:25:02.6,1.475,False,703
2022-06-22 10:25:02.8,1.505,False,703
2022-06-22 10:25:03.0,1.536,False,703
2022-06-22 10:25:03.2,1.567,False,703
2022-06-22 10:25:03.4,1.598,False,703
2022-06-22 10:25:03.6,1.630,False,703
2022-06-22 10:25:03.8,1.661,False,703
2022-06-22 10:25:04.0,1.693,False,703
2022-06-22 10:25:04.2,1.725,False,703
2022-06-22 10:25:04.4,1.757,False,703
2022-06-22 10:25:04.6,1.789,False,703
2022-06-22 10:25:04.8,1.820,False,703
2022-06-22 10:25:05.0,1.853,False,703
2022-06-22 10:25:05.2,1.884,False,703
2022-06-22 10:25:05.4,1.915,False,703
2022-06-22 10:25:05.6,1.946,False,703
2022-06-22 10:25:05.8,1.979,False,703
2022-06-22 10:25:06.0,2.010,False,703
2022-06-22 10:25:06.2,2.040,False,703
2022-06-22 10:25:06.4,2.072,False,703
2022-06-22 10:25:06.6,2.103,False,703
2022-06-22 10:25:06.8,2.134,False,703
2022-06-22 10:25:07.0,2.165,False,703
2022-06-22 10:25:07.2,2.196,False,703
2022-06-22 10:25:07.4,2.227,False,703
2022-06-22 10:25:07.6,2.258,False,703
2022-06-22 10:25:07.8,2.288,False,703
2022-06-22 10:25:08.0,2.318,False,703
2022-06-22 10:25:08.2,2.349,False,703
2022-06-22 10:25:08.4,2.380,False,703
2022-06-22 10:25:08.6,2.410,False,703
2022-06-22 10:25:08.8,2.440,False,703
2022-06-22 10:25:09.0,2.471,False,703
2022-06-22 10:25:09.2,2.501,False,703
2022-06-22 10:25:09.4,2.531,False,703
2022-06-22 10:25:09.6,2.561,False,703
2022-06-22 10:25:09.8,2.591,False,703
2022-06-22 10:25:10.0,2.621,False,703
2022-06-22 10:25:10.2,2.651,False,703
2022-06-22 10:25:10.4,2.682,False,703
2022-06-22 10:25:10.6,2.711,False,703
2022-06-22 10:25:10.8,2.741,False,703
2022-06-22 10:25:11.0,2.771,False,703
2022-06-22 10:25:11.2,2.800,False,703
2022-06-22 10:25:11.4,2.830,False,703
2022-06-22 10:25:11.6,2.859,False,703
2022-06-22 10:25:11.8,2.889,False,703
2022-06-22 10:25:12.0,2.918,False,703
2022-06-22 10:25:12.2,2.947,False,703
2022-06-22 10:25:12.4,2.977,False,703
2022-06-22 10:25:12.6,3.006,False,703
2022-06-22 10:25:12.8,3.035,False,703
2022-06-22 10:25:13.0,3.063,False,703
2022-06-22 10:25:13.2,3.093,False,703
2022-06-22 10:25:13.4,3.122,False,703
2022-06-22 10:25:13.6,3.150,False,703
2022-06-22 10:25:13.8,3.180,False,703
2022-06-22 10:25:14.0,3.208,False,703
2022-06-22 10:25:14.2,3.237,False,703
2022-06-22 10:25:14.4,3.267,False,703
2022-06-22 10:25:14.6,3.296,False,703
2022-06-22 10:25:14.8,3.326,False,703
2022-06-22 10:25:15.0,0.987,False,703
2022-06-22 10:25:15.2,1.018,False,703
2022-06-22 10:25:15.4,1.048,False,703
2022-06-22 10:25:15.6,1.079,False,703
2022-06-22 10:25:15.8,1.109,False,703
2022-06-22 10:25:16.0,1.141,False,703
2022-06-22 10:25:16.2,1.172,False,703
2022-06-22 10:25:16.4,1.203,False,703
2022-06-22 10:25:16.6,1.234,False,703
2022-06-22 10:25:16.8,1.267,False,703
2022-06-22 10:25:17.0,1.299,False,703
2022-06-22 10:25:17.2,1.331,False,703
2022-06-22 10:25:17.4,1.364,False,703
2022-06-22 10:25:17.6,1.396,False,703
2022-06-22 10:25:17.8,1.430,False,703
2022-06-22 10:25:18.0,1.463,False,703
2022-06-22 10:25:18.2,1.496,False,703
2022-06-22 10:25:18.4,1.530,False,703
2022-06-22 10:25:18.6,1.563,False,702
2022-06-22 10:25:18.8,1.598,False,702
2022-06-22 10:25:19.0,1.632,False,702
2022-06-22 10:25:19.2,1.667,False,702
2022-06-22 10:25:19.4,1.701,False,702
2022-06-22 10:25:19.6,1.736,False,702
2022-06-22 10:25:19.8,1.771,False,702
2022-06-22 10:25:20.0,1.806,False,702
2022-06-22 10:25:20.2,1.841,False,702
2022-06-22 10:25:20.4,1.876,False,702
2022-06-22 10:25:20.6,1.910,False,702
2022-06-22 10:25:20.8,1.944,False,702
2022-06-22 10:25:21.0,1.979,False,702
2022-06-22 10:25:21.2,2.014,False,702
2022-06-22 10:25:21.4,2.048,False,702
2022-06-22 10:25:21.6,2.082,False,702
2022-06-22 10:25:21.8,2.116,False,702
2022-06-22 10:25:22.0,2.150,False,702
2022-06-22 10:25:22.2,2.184,False,702
2022-06-22 10:25:22.4,2.218,False,702
2022-06-22 10:25:22.6,2.252,False,702
2022-06-22 10:25:22.8,2.286,False,702
2022-06-22 10:25:23.0,2.319,False,702
2022-06-22 10:25:23.2,2.354,False,702
2022-06-22 10:25:23.4,2.387,False,702
2022-06-22 10:25:23.6,2.421,False,702
2022-06-22 10:25:23.8,2.454,False,702
2022-06-22 10:25:24.0,2.487,False,702
2022-06-22 10:25:24.2,2.521,False,702
2022-06-22 10:25:24.4,2.554,False,702
2022-06-22 10:25:24.6,2.587,False,702
2022-06-22 10:25:24.8,2.620,False,702
2022-06-22 10:25:25.0,2.653,False,702
2022-06-22 10:25:25.2,2.686,False,702
2022-06-22 10:25:25.4,2.719,False,702
2022-06-22 10:25:25.6,2.751,False,702
2022-06-22 10:25:25.8,2.784,False,702
2022-06-22 10:25:26.0,2.816,False,702
2022-06-22 10:25:26.2,2.850,False,702
2022-06-22 10:25:26.4,2.882,False,702
2022-06-22 10:25:26.6,2.914,False,702
2022-06-22 10:25:26.8,2.946,False,702
2022-06-22 10:25:27.0,2.979,False,702
2022-06-22 10:25:27.2,3.011,False,702
2022-06-22 10:25:27.4,3.043,False,702
2022-06-22 10:25:27.6,3.074,False,702
2022-06-22 10:25:27.8,3.106,False,702
2022-06-22 10:25:28.0,3.138,False,702
2022-06-22 10:25:28.2,3.170,False,702
2022-06-22 10:25:28.4,3.202,False,702
2022-06-22 10:25:28.6,3.233,False,702
2022-06-22 10:25:28.8,3.266,False,702
2022-06-22 10:25:29.0,3.297,False,702
2022-06-22 10:25:29.2,3.328,False,702
2022-06-22 10:25:29.4,3.359,False,702
2022-06-22 10:25:29.6,3.392,False,702
2022-06-22 10:25:29.8,3.422,False,702
2022-06-22 10:25:30.0,3.453,False,702
2022-06-22 10:25:30.2,3.485,False,702
2022-06-22 10:25:30.4,3.516,False,702
2022-06-22 10:25:30.6,3.547,False,702
2022-06-22 10:25:30.8,3.578,False,702
2022-06-22 10:25:31.0,3.609,False,702
2022-06-22 10:25:31.2,3.640,False,702
2022-06-22 10:25:31.4,3.671,False,702
2022-06-22 10:25:31.6,3.701,False,702
2022-06-22 10:25:31.8,3.732,False,702
2022-06-22 10:25:32.0,3.764,False,702
2022-06-22 10:25:32.2,3.794,False,702
2022-06-22 10:25:32.4,3.824,False,702
2022-06-22 10:25:32.6,3.855,False,702
2022-06-22 10:25:32.8,3.886,False,702
2022-06-22 10:25:33.0,3.916,False,702
2022-06-22 10:25:33.2,3.947,False,702
2022-06-22 10:25:33.4,3.978,False,702
2022-06-22 10:25:33.6,4.009,False,702
2022-06-22 10:25:33.8,4.039,False,702
2022-06-22 10:25:34.0,4.071,False,702
2022-06-22 10:25:34.2,4.104,False,702
2022-06-22 10:25:34.4,4.135,False,702
2022-06-22 10:25:34.6,4.167,False,702
2022-06-22 10:25:34.8,4.200,False,702
2022-06-22 10:25:35.0,4.232,False,702
2022-06-22 10:25:35.2,4.266,False,702
2022-06-22 10:25:35.4,4.300,False,702
2022-06-22 10:25:35.6,4.333,False,702
2022-06-22 10:25:35.8,4.367,False,702
2022-06-22 10:25:36.0,4.401,False,702
2022-06-22 10:25:36.2,4.436,False,702
2022-06-22 10:25:36.4,4.470,False,702
2022-06-22 10:25:36.6,4.503,False,702
2022-06-22 10:25:36.8,4.537,False,702
2022-06-22 10:25:37.0,4.570,False,702
2022-06-22 10:25:37.2,4.605,False,702
2022-06-22 10:25:37.4,1.006,False,702
2022-06-22 10:25:37.6,1.040,False,702
2022-06-22 10:25:37.8,1.074,False,702
2022-06-22 10:25:38.0,1.108,False,702
2022-06-22 10:25:38.2,1.143,False,702
2022-06-22 10:25:38.4,1.177,False,702
2022-06-22 10:25:38.6,1.211,False,702
2022-06-22 10:25:38.8,1.245,False,702
2022-06-22 10:25:39.0,1.280,False,702
2022-06-22 10:25:39.2,1.313,False,702
2022-06-22 10:25:39.4,1.349,False,702
2022-06-22 10:25:39.6,1.383,False,702
2022-06-22 10:25:39.8,1.418,False,702
2022-06-22 10:25:40.0,1.452,False,702
2022-06-22 10:25:40.2,1.487,False,702
2022-06-22 10:25:40.4,1.521,False,702
2022-06-22 10:25:40.6,1.557,False,702
2022-06-22 10:25:40.8,1.592,False,702
2022-06-22 10:25:41.0,1.626,False,702
2022-06-22 10:25:41.2,1.661,False,702
2022-06-22 10:25:41.4,1.696,False,702
2022-06-22 10:25:41.6,1.731,False,702
2022-06-22 10:25:41.8,1.767,False,702
2022-06-22 10:25:42.0,1.803,False,702
2022-06-22 10:25:42.2,1.838,False,702
2022-06-22 10:25:42.4,1.873,False,702
2022-06-22 10:25:42.6,1.909,False,702
2022-06-22 10:25:42.8,1.945,False,702
2022-06-22 10:25:43.0,1.981,False,702
2022-06-22 10:25:43.2,2.017,False,702
2022-06-22 10:25:43.4,2.053,False,702
2022-06-22 10:25:43.6,2.089,False,702
2022-06-22 10:25:43.8,2.126,False,702
2022-06-22 10:25:44.0,2.162,False,702
2022-06-22 10:25:44.2,2.199,False,702
2022-06-22 10:25:44.4,2.236,False,702
2022-06-22 10:25:44.6,2.272,False,702
2022-06-22 10:25:44.8,2.310,False,702
2022-06-22 10:25:45.0,2.347,False,702
2022-06-22 10:25:45.2,2.384,False,702
2022-06-22 10:25:45.4,2.422,False,702
2022-06-22 10:25:45.6,2.459,False,702
2022-06-22 10:25:45.8,2.497,False,702
2022-06-22 10:25:46.0,2.535,False,702
2022-06-22 10:25:46.2,2.572,False,702
2022-06-22 10:25:46.4,2.611,False,702
2022-06-22 10:25:46.6,2.649,False,702
2022-06-22 10:25:46.8,2.688,False,702
2022-06-22 10:25:47.0,2.727,False,702
2022-06-22 10:25:47.2,2.766,False,702
2022-06-22 10:25:47.4,2.805,False,702
2022-06-22 10:25:47.6,2.845,False,702
2022-06-22 10:25:47.8,2.884,False,702
2022-06-22 10:25:48.0,2.923,False,702
2022-06-22 10:25:48.2,2.964,False,702
2022-06-22 10:25:48.4,3.003,False,702
2022-06-22 10:25:48.6,3.044,False,702
2022-06-22 10:25:48.8,3.084,False,702
2022-06-22 10:25:49.0,3.125,False,702
2022-06-22 10:25:49.2,3.166,False,702
2022-06-22 10:25:49.4,3.206,False,702
2022-06-22 10:25:49.6,3.248,False,702
2022-06-22 10:25:49.8,3.289,False,702
2022-06-22 10:25:50.0,3.331,False,702
2022-06-22 10:25:50.2,3.373,False,702
2022-06-22 10:25:50.4,3.415,False,702
2022-06-22 10:25:50.6,3.457,False,702
2022-06-22 10:25:50.8,0.986,False,702
2022-06-22 10:25:51.0,1.029,False,702
2022-06-22 10:25:51.2,1.072,False,702
2022-06-22 10:25:51.4,1.115,False,702
2022-06-22 10:25:51.6,1.158,False,702
2022-06-22 10:25:51.8,1.201,False,702
2022-06-22 10:25:52.0,1.244,False,702
2022-06-22 10:25:52.2,1.288,False,702
2022-06-22 10:25:52.4,1.331,False,702
2022-06-22 10:25:52.6,1.375,False,702
2022-06-22 10:25:52.8,1.418,False,702
2022-06-22 10:25:53.0,1.461,False,702
2022-06-22 10:25:53.2,1.505,False,702
2022-06-22 10:25:53.4,1.548,False,702
2022-06-22 10:25:53.6,1.592,False,702
2022-06-22 10:25:53.8,1.636,False,702
2022-06-22 10:25:54.0,1.679,False,702
2022-06-22 10:25:54.2,1.724,False,702
2022-06-22 10:25:54.4,1.767,False,702
2022-06-22 10:25:54.6,1.811,False,702
2022-06-22 10:25:54.8,1.854,False,702
2022-06-22 10:25:55.0,1.898,False,702
2022-06-22 10:25:55.2,1.942,False,702
2022-06-22 10:25:55.4,1.986,False,702
2022-06-22 10:25:55.6,2.029,False,702
2022-06-22 10:25:55.8,2.074,False,702
2022-06-22 10:25:56.0,2.118,False,702
2022-06-22 10:25:56.2,2.162,False,702
2022-06-22 10:25:56.4,2.206,False,702
2022-06-22 10:25:56.6,2.250,False,702
2022-06-22 10:25:56.8,2.294,False,702
2022-06-22 10:25:57.0,2.338,False,702
2022-06-22 10:25:57.2,2.382,False,702
2022-06-22 10:25:57.4,2.426,False,702
2022-06-22 10:25:57.6,2.470,False,702
2022-06-22 10:25:57.8,2.514,False,702
2022-06-22 10:25:58.0,2.558,False,702
2022-06-22 10:25:58.2,2.602,False,702
2022-06-22 10:25:58.4,0.999,False,702
2022-06-22 10:25:58.6,1.043,False,702
2022-06-22 10:25:58.8,1.087,False,702
2022-06-22 10:25:59.0,1.130,False,702
2022-06-22 10:25:59.2,1.174,False,702
2022-06-22 10:25:59.4,1.218,False,702
2022-06-22 10:25:59.6,1.262,False,702
2022-06-22 10:25:59.8,1.305,False,702
2022-06-22 10:26:00.0,1.348,False,702
2022-06-22 10:26:00.2,1.391,False,702
2022-06-22 10:26:00.4,1.435,False,702
2022-06-22 10:26:00.6,1.478,False,702
2022-06-22 10:26:00.8,1.521,False,702
2022-06-22 10:26:01.0,1.563,False,702
2022-06-22 10:26:01.2,1.606,False,702
2022-06-22 10:26:01.4,1.649,False,702
2022-06-22 10:26:01.6,1.692,False,702
2022-06-22 10:26:01.8,1.735,False,702
2022-06-22 10:26:02.0,1.778,False,702
2022-06-22 10:26:02.2,1.045,False,702
2022-06-22 10:26:02.4,1.087,False,702
2022-06-22 10:26:02.6,1.041,False,702
2022-06-22 10:26:02.8,1.083,False,702
2022-06-22 10:26:03.0,1.127,False,702
2022-06-22 10:26:03.2,1.170,False,702
2022-06-22 10:26:03.4,1.213,False,702
2022-06-22 10:26:03.6,1.256,False,701
2022-06-22 10:26:03.8,1.299,False,701
2022-06-22 10:26:04.0,1.342,False,701
2022-06-22 10:26:04.2,1.385,False,701
2022-06-22 10:26:04.4,1.428,False,701
2022-06-22 10:26:04.6,1.471,False,701
2022-06-22 10:26:04.8,1.514,False,701
2022-06-22 10:26:05.0,1.557,False,701
2022-06-22 10:26:05.2,1.599,False,701
2022-06-22 10:26:05.4,1.642,False,701
2022-06-22 10:26:05.6,1.685,False,701
2022-06-22 10:26:05.8,1.728,False,701
2022-06-22 10:26:06.0,1.771,False,701
2022-06-22 10:26:06.2,1.812,False,701
2022-06-22 10:26:06.4,1.855,False,701
2022-06-22 10:26:06.6,1.897,False,701
2022-06-22 10:26:06.8,1.007,False,701
2022-06-22 10:26:07.0,1.049,False,701
2022-06-22 10:26:07.2,1.091,False,701
2022-06-22 10:26:07.4,1.134,False,701
2022-06-22 10:26:07.6,1.176,False,701
2022-06-22 10:26:07.8,1.218,False,701
2022-06-22 10:26:08.0,1.260,False,701
2022-06-22 10:26:08.2,1.302,False,701
2022-06-22 10:26:08.4,1.344,False,701
2022-06-22 10:26:08.6,1.386,False,701
2022-06-22 10:26:08.8,1.427,False,701
2022-06-22 10:26:09.0,1.470,False,701
2022-06-22 10:26:09.2,1.511,False,701
2022-06-22 10:26:09.4,1.553,False,701
2022-06-22 10:26:09.6,1.594,False,701
2022-06-22 10:26:09.8,1.635,False,701
2022-06-22 10:26:10.0,1.677,False,701
2022-06-22 10:26:10.2,1.718,False,701
2022-06-22 10:26:10.4,1.759,False,701
2022-06-22 10:26:10.6,1.800,False,701
2022-06-22 10:26:10.8,1.841,False,701
2022-06-22 10:26:11.0,1.882,False,701
2022-06-22 10:26:11.2,1.923,False,701
2022-06-22 10:26:11.4,1.963,False,701
2022-06-22 10:26:11.6,2.004,False,701
2022-06-22 10:26:11.8,2.044,False,701
2022-06-22 10:26:12.0,2.084,False,701
2022-06-22 10:26:12.2,2.125,False,701
2022-06-22 10:26:12.4,2.165,False,701
2022-06-22 10:26:12.6,2.206,False,701
2022-06-22 10:26:12.8,2.245,False,701
2022-06-22 10:26:13.0,2.286,False,701
2022-06-22 10:26:13.2,2.326,False,701
2022-06-22 10:26:13.4,2.365,False,701
2022-06-22 10:26:13.6,2.405,False,701
2022-06-22 10:26:13.8,2.445,False,701
2022-06-22 10:26:14.0,2.485,False,701
2022-06-22 10:26:14.2,2.546,False,701
2022-06-22 10:26:14.4,2.586,False,701
2022-06-22 10:26:14.6,2.625,False,701
2022-06-22 10:26:14.8,2.664,False,701
2022-06-22 10:26:15.0,2.704,False,701
2022-06-22 10:26:15.2,2.743,False,701
2022-06-22 10:26:15.4,2.803,False,701
2022-06-22 10:26:15.6,2.842,False,701
2022-06-22 10:26:15.8,2.880,False,701
2022-06-22 10:26:16.0,2.918,False,701
2022-06-22 10:26:16.2,0.986,False,701
2022-06-22 10:26:16.4,1.023,False,701
2022-06-22 10:26:16.6,1.103,False,701
2022-06-22 10:26:16.8,1.140,False,701
2022-06-22 10:26:17.0,1.175,False,701
2022-06-22 10:26:17.2,1.211,False,701
2022-06-22 10:26:17.4,1.246,False,701
2022-06-22 10:26:17.6,1.281,False,701
2022-06-22 10:26:17.8,1.316,False,701
2022-06-22 10:26:18.0,1.395,False,701
2022-06-22 10:26:18.2,1.472,False,701
2022-06-22 10:26:18.4,1.506,False,701
2022-06-22 10:26:18.6,1.539,False,701
2022-06-22 10:26:18.8,1.594,False,701
2022-06-22 10:26:19.0,1.626,False,701
2022-06-22 10:26:19.2,1.701,False,701
2022-06-22 10:26:19.4,1.776,False,701
2022-06-22 10:26:19.6,1.894,False,701
2022-06-22 10:26:19.8,2.011,False,701
2022-06-22 10:26:20.0,2.149,False,701
2022-06-22 10:26:20.2,2.325,False,701
2022-06-22 10:26:20.4,2.492,False,701
2022-06-22 10:26:20.6,2.652,False,701
2022-06-22 10:26:20.8,2.809,False,701
2022-06-22 10:26:21.0,2.953,False,701
2022-06-22 10:26:21.2,3.098,False,701
2022-06-22 10:26:21.4,3.233,False,701
2022-06-22 10:26:21.6,3.362,False,700
2022-06-22 10:26:21.8,3.487,False,700
2022-06-22 10:26:22.0,3.604,False,700
2022-06-22 10:26:22.2,3.714,False,700
2022-06-22 10:26:22.4,3.819,False,700
2022-06-22 10:26:22.6,3.917,False,700
2022-06-22 10:26:22.8,4.011,False,700
2022-06-22 10:26:23.0,0.974,False,700
2022-06-22 10:26:23.2,1.052,False,700
2022-06-22 10:26:23.4,1.121,False,700
2022-06-22 10:26:23.6,1.184,False,700
2022-06-22 10:26:23.8,1.234,False,700
2022-06-22 10:26:24.0,1.273,False,700
2022-06-22 10:26:24.2,1.309,False,700
2022-06-22 10:26:24.4,1.332,False,700
2022-06-22 10:26:24.6,1.352,False,700
2022-06-22 10:26:24.8,1.359,False,700
2022-06-22 10:26:25.0,0.939,False,700
2022-06-22 10:26:45.0,0.940,False,700
2022-06-22 10:26:45.4,0.942,False,700
2022-06-22 10:26:45.6,0.945,False,700
2022-06-22 10:26:45.8,0.949,False,700
2022-06-22 10:26:46.0,0.954,False,700
2022-06-22 10:26:46.2,0.960,False,700
2022-06-22 10:26:46.4,0.967,False,700
2022-06-22 10:26:46.6,0.976,False,700
2022-06-22 10:26:46.8,0.984,False,700
2022-06-22 10:26:47.0,0.995,False,700
2022-06-22 10:26:47.2,1.007,False,700
2022-06-22 10:26:47.4,1.021,False,700
2022-06-22 10:26:47.6,1.033,False,700
2022-06-22 10:26:47.8,1.049,False,700
2022-06-22 10:26:47.10,1.064,False,700
2022-06-22 10:26:48.0,1.081,False,700
2022-06-22 10:26:48.2,1.100,False,700
2022-06-22 10:26:48.4,1.118,False,700
2022-06-22 10:26:48.6,1.139,False,700
2022-06-22 10:26:49.0,1.160,False,700
2022-06-22 10:26:49.2,1.183,False,700
2022-06-22 10:26:49.4,1.206,False,700
2022-06-22 10:26:49.6,1.230,False,700
2022-06-22 10:26:49.8,1.256,False,700
2022-06-22 10:26:50.0,1.282,False,700
2022-06-22 10:26:50.2,1.311,False,700
2022-06-22 10:26:50.4,1.339,False,700
2022-06-22 10:26:50.6,1.369,False,700
2022-06-22 10:26:50.8,1.399,False,700
2022-06-22 10:26:51.0,1.432,False,700
2022-06-22 10:26:51.2,1.465,False,700
2022-06-22 10:26:51.4,1.498,False,700
2022-06-22 10:26:51.6,1.533,False,700
2022-06-22 10:26:51.8,1.569,False,700
2022-06-22 10:26:52.0,1.606,False,700
2022-06-22 10:26:52.2,1.645,False,700
2022-06-22 10:26:52.4,1.684,False,700
2022-06-22 10:26:52.6,1.724,False,700
2022-06-22 10:26:52.8,1.764,False,700
2022-06-22 10:26:53.0,1.008,False,700
2022-06-22 10:26:53.2,1.051,False,700
2022-06-22 10:26:53.4,1.095,False,700
2022-06-22 10:26:53.6,1.139,False,700
2022-06-22 10:26:53.8,1.186,False,700
2022-06-22 10:26:54.0,1.231,False,700
2022-06-22 10:26:54.2,1.278,False,700
2022-06-22 10:26:54.4,1.327,False,700
2022-06-22 10:26:54.6,1.376,False,700
2022-06-22 10:26:54.8,1.426,False,700
2022-06-22 10:26:55.0,1.476,False,700
2022-06-22 10:26:55.2,1.527,False,700
2022-06-22 10:26:55.4,1.580,False,700
2022-06-22 10:26:55.6,1.633,False,700
2022-06-22 10:26:55.8,1.687,False,700
2022-06-22 10:26:56.0,1.741,False,700
2022-06-22 10:26:56.2,1.797,False,700
2022-06-22 10:26:56.4,1.853,False,700
2022-06-22 10:26:56.6,1.909,False,700
2022-06-22 10:26:56.8,1.968,False,700
2022-06-22 10:26:57.0,2.026,False,700
2022-06-22 10:26:57.2,2.085,False,700
2022-06-22 10:26:57.4,2.144,False,700
2022-06-22 10:26:57.6,2.203,False,700
2022-06-22 10:26:57.8,2.264,False,700
2022-06-22 10:26:58.0,1.046,False,700
2022-06-22 10:26:58.2,1.107,False,700
2022-06-22 10:26:58.4,1.169,False,700
2022-06-22 10:26:58.6,1.231,False,700
2022-06-22 10:26:58.8,1.295,False,700
2022-06-22 10:26:59.0,1.357,False,700
2022-06-22 10:26:59.2,1.421,False,700
2022-06-22 10:26:59.4,1.485,False,700
2022-06-22 10:26:59.6,1.550,False,700
2022-06-22 10:26:59.8,1.614,False,700
2022-06-22 10:27:00.0,1.680,False,700
2022-06-22 10:27:00.2,1.745,False,700
2022-06-22 10:27:00.4,1.810,False,700
2022-06-22 10:27:00.6,1.876,False,700
2022-06-22 10:27:00.8,1.941,False,700
2022-06-22 10:27:01.0,2.008,False,700
2022-06-22 10:27:01.2,2.074,False,700
2022-06-22 10:27:01.4,2.142,False,700
2022-06-22 10:27:01.6,2.208,False,700
2022-06-22 10:27:01.8,2.275,False,700
2022-06-22 10:27:02.0,1.094,False,700
2022-06-22 10:27:02.2,1.161,False,700
2022-06-22 10:27:02.4,1.229,False,700
2022-06-22 10:27:02.6,1.296,False,700
2022-06-22 10:27:02.8,1.364,False,700
2022-06-22 10:27:03.0,1.433,False,700
2022-06-22 10:27:03.2,1.501,False,700
2022-06-22 10:27:03.4,1.568,False,700
2022-06-22 10:27:03.6,1.638,False,700
2022-06-22 10:27:03.8,1.705,False,700
2022-06-22 10:27:04.0,1.774,False,700
2022-06-22 10:27:04.2,1.059,False,694
2022-06-22 10:27:04.4,1.128,False,694
2022-06-22 10:27:04.6,1.196,False,694
2022-06-22 10:27:04.8,1.266,False,694
2022-06-22 10:27:05.0,1.335,False,694
2022-06-22 10:27:05.2,1.404,False,694
2022-06-22 10:27:05.4,1.474,False,694
2022-06-22 10:27:05.6,1.542,False,694
2022-06-22 10:27:05.8,1.611,False,694
2022-06-22 10:27:06.0,1.682,False,694
2022-06-22 10:27:06.2,1.751,False,694
2022-06-22 10:27:06.4,1.821,False,694
2022-06-22 10:27:06.6,1.892,False,694
2022-06-22 10:27:06.8,1.962,False,694
2022-06-22 10:27:07.0,2.032,False,694
2022-06-22 10:27:07.2,1.082,False,694
2022-06-22 10:27:07.4,1.152,False,695
2022-06-22 10:27:07.6,1.223,False,695
2022-06-22 10:27:07.8,1.293,False,695
2022-06-22 10:27:08.0,1.363,False,695
2022-06-22 10:27:08.2,1.435,False,695
2022-06-22 10:27:08.4,1.092,False,695
2022-06-22 10:27:08.6,1.162,False,695
2022-06-22 10:27:08.8,1.233,False,695
2022-06-22 10:27:09.0,1.305,False,695
2022-06-22 10:27:09.2,1.376,False,695
2022-06-22 10:27:09.4,1.447,False,695
2022-06-22 10:27:09.6,1.519,False,695
2022-06-22 10:27:09.8,1.591,False,695
2022-06-22 10:27:10.0,1.662,False,696
2022-06-22 10:27:10.2,1.734,False,696
2022-06-22 10:27:10.4,1.806,False,696
2022-06-22 10:27:10.6,1.878,False,696
2022-06-22 10:27:10.8,1.950,False,696
2022-06-22 10:27:10.10,2.021,False,696
2022-06-22 10:27:11.0,2.094,False,696
2022-06-22 10:27:11.2,1.867,False,696
2022-06-22 10:27:11.4,1.939,False,696
2022-06-22 10:27:11.6,2.013,False,696
2022-06-22 10:27:12.0,2.085,False,696
2022-06-22 10:27:12.2,2.157,False,696
2022-06-22 10:27:12.4,2.230,False,696
2022-06-22 10:27:12.6,2.303,False,696
2022-06-22 10:27:12.8,1.080,False,678
2022-06-22 10:27:13.0,1.153,False,678
2022-06-22 10:27:13.2,1.227,False,678
2022-06-22 10:27:13.4,1.300,False,678
2022-06-22 10:27:13.6,1.373,False,678
2022-06-22 10:27:13.8,1.446,False,678
2022-06-22 10:27:13.10,1.520,False,678
2022-06-22 10:27:14.0,1.593,False,678
2022-06-22 10:27:14.2,1.666,False,678
2022-06-22 10:27:14.4,1.740,False,679
2022-06-22 10:27:14.6,1.813,False,679
2022-06-22 10:27:14.8,1.071,False,679
2022-06-22 10:27:15.0,1.146,False,679
2022-06-22 10:27:15.2,1.219,False,679
2022-06-22 10:27:15.4,1.293,False,679
2022-06-22 10:27:15.6,1.366,False,679
2022-06-22 10:27:16.0,1.440,False,679
2022-06-22 10:27:16.2,1.514,False,679
2022-06-22 10:27:16.4,1.588,False,679
2022-06-22 10:27:16.6,1.662,False,679
2022-06-22 10:27:16.8,1.735,False,679
2022-06-22 10:27:16.10,1.810,False,679
2022-06-22 10:27:17.0,1.884,False,679
2022-06-22 10:27:17.2,1.957,False,679
2022-06-22 10:27:17.4,2.031,False,679
2022-06-22 10:27:17.6,2.104,False,679
2022-06-22 10:27:17.8,2.178,False,679
2022-06-22 10:27:18.0,2.252,False,679
2022-06-22 10:27:18.2,2.325,False,679
2022-06-22 10:27:18.4,2.398,False,679
2022-06-22 10:27:18.6,2.472,False,679
2022-06-22 10:27:19.0,2.545,False,679
2022-06-22 10:27:19.2,2.618,False,679
2022-06-22 10:27:19.4,2.691,False,679
2022-06-22 10:27:19.6,2.765,False,679
2022-06-22 10:27:19.8,2.837,False,679
2022-06-22 10:27:20.0,2.910,False,679
2022-06-22 10:27:20.2,2.982,False,679
2022-06-22 10:27:20.4,3.055,False,679
2022-06-22 10:27:20.6,3.128,False,679
2022-06-22 10:27:20.8,1.847,False,679
2022-06-22 10:27:20.10,1.919,False,679
2022-06-22 10:27:21.0,1.991,False,679
2022-06-22 10:27:21.2,2.063,False,679
2022-06-22 10:27:21.4,2.135,False,679
2022-06-22 10:27:21.6,2.206,False,679
2022-06-22 10:27:22.0,2.278,False,679
2022-06-22 10:27:22.2,2.349,False,679
2022-06-22 10:27:22.4,2.420,False,679
2022-06-22 10:27:22.6,2.490,False,679
2022-06-22 10:27:22.8,2.562,False,679
2022-06-22 10:27:23.0,2.633,False,679
2022-06-22 10:27:23.2,2.703,False,679
2022-06-22 10:27:23.4,2.795,False,679
2022-06-22 10:27:23.6,2.865,False,679
2022-06-22 10:27:23.8,2.935,False,679
2022-06-22 10:27:23.10,3.005,False,679
2022-06-22 10:27:24.0,3.074,False,679
2022-06-22 10:27:24.2,3.145,False,679
2022-06-22 10:27:24.4,3.214,False,679
2022-06-22 10:27:24.6,3.283,False,679
2022-06-22 10:27:25.0,3.353,False,679
2022-06-22 10:27:25.2,3.422,False,679
2022-06-22 10:27:25.4,1.890,False,679
2022-06-22 10:27:25.6,1.958,False,679
2022-06-22 10:27:25.8,2.027,False,679
2022-06-22 10:27:26.0,2.097,False,679
2022-06-22 10:27:28.0,1.841,False,672
2022-06-22 10:27:28.2,1.909,False,672
2022-06-22 10:27:28.4,1.978,False,672
2022-06-22 10:27:28.6,2.046,False,672
2022-06-22 10:27:28.8,2.115,False,672
2022-06-22 10:27:29.0,2.185,False,672
2022-06-22 10:27:29.2,2.254,False,672
2022-06-22 10:27:29.4,2.323,False,672
2022-06-22 10:27:29.6,2.393,False,672
2022-06-22 10:27:29.8,2.462,False,672
2022-06-22 10:27:29.10,2.531,False,672
2022-06-22 10:27:30.0,2.601,False,672
2022-06-22 10:27:30.2,2.671,False,672
2022-06-22 10:27:30.4,2.740,False,672
2022-06-22 10:27:30.6,1.893,False,672
2022-06-22 10:27:31.0,1.964,False,672
2022-06-22 10:27:31.2,2.034,False,672
2022-06-22 10:27:31.4,2.104,False,672
2022-06-22 10:27:31.6,2.175,False,672
2022-06-22 10:27:31.8,2.245,False,672
2022-06-22 10:27:32.0,2.315,False,672
2022-06-22 10:27:32.2,2.385,False,672
2022-06-22 10:27:32.4,2.477,False,672
2022-06-22 10:27:32.6,2.588,False,672
2022-06-22 10:27:32.8,2.722,False,672
2022-06-22 10:27:33.0,2.876,False,672
2022-06-22 10:27:33.2,3.094,False,672
2022-06-22 10:27:33.4,3.333,False,672
2022-06-22 10:27:33.6,3.635,False,672
2022-06-22 10:27:33.8,4.001,False,672
2022-06-22 10:27:34.0,4.371,False,672
2022-06-22 10:27:34.2,4.734,False,672
2022-06-22 10:27:34.4,5.089,False,672
2022-06-22 10:27:34.6,5.437,False,672
2022-06-22 10:27:34.8,5.780,False,672
2022-06-22 10:27:34.10,6.115,False,672
2022-06-22 10:27:35.0,6.447,False,672
2022-06-22 10:27:35.2,6.771,False,672
2022-06-22 10:27:35.4,7.091,False,672
2022-06-22 10:27:35.6,7.407,False,672
2022-06-22 10:27:36.0,7.715,False,672
2022-06-22 10:27:36.2,8.016,False,672
2022-06-22 10:27:36.4,8.312,False,672
2022-06-22 10:27:36.6,8.601,False,672
2022-06-22 10:27:36.8,8.886,False,672
2022-06-22 10:27:36.10,1.807,False,672
2022-06-22 10:27:37.0,2.076,False,672
2022-06-22 10:27:37.2,2.345,False,672
2022-06-22 10:27:37.4,2.603,False,672
2022-06-22 10:27:37.6,2.856,False,672
2022-06-22 10:27:37.8,3.106,False,672
2022-06-22 10:27:38.0,3.348,False,672
2022-06-22 10:27:38.2,3.586,False,672
2022-06-22 10:27:38.4,3.816,False,672
2022-06-22 10:27:38.6,4.042,False,672
2022-06-22 10:27:39.0,4.261,False,672
2022-06-22 10:27:39.2,4.472,False,672
2022-06-22 10:27:39.4,4.679,False,672
2022-06-22 10:27:39.6,4.881,False,672
2022-06-22 10:27:39.8,5.076,False,672
2022-06-22 10:27:39.10,5.264,False,672
2022-06-22 10:27:40.0,5.451,False,672
2022-06-22 10:27:40.2,5.627,False,672
2022-06-22 10:27:40.4,5.798,False,672
2022-06-22 10:27:40.6,5.966,False,672
2022-06-22 10:27:40.8,6.126,False,672
2022-06-22 10:27:41.0,6.278,False,672
2022-06-22 10:27:41.2,6.423,False,672
2022-06-22 10:27:41.4,6.562,False,672
2022-06-22 10:27:41.6,6.691,False,672
2022-06-22 10:27:42.0,6.816,False,672
2022-06-22 10:27:42.2,6.934,False,672
2022-06-22 10:27:42.4,7.043,False,672
2022-06-22 10:27:42.6,7.152,False,672
2022-06-22 10:27:42.8,7.254,False,672
2022-06-22 10:27:42.10,7.352,False,672
2022-06-22 10:27:43.0,7.444,False,591
2022-06-22 10:27:43.2,7.534,False,591
2022-06-22 10:27:43.4,1.771,False,591
2022-06-22 10:27:43.6,1.854,False,591
2022-06-22 10:27:43.8,1.932,False,591
2022-06-22 10:27:44.0,2.002,False,591
2022-06-22 10:27:44.2,2.068,False,591
2022-06-22 10:27:44.4,2.130,False,591
2022-06-22 10:27:44.6,2.185,False,591
2022-06-22 10:27:44.8,2.235,False,591
2022-06-22 10:27:45.0,0.943,False,591
2022-06-22 10:27:45.2,0.979,False,591
2022-06-22 10:27:45.4,1.010,False,591
2022-06-22 10:27:45.6,1.037,False,591
2022-06-22 10:27:45.8,1.057,False,591
2022-06-22 10:27:46.0,1.068,False,591
2022-06-22 10:27:46.2,1.076,False,591
2022-06-22 10:28:03.6,1.077,False,591
2022-06-22 10:28:04.0,1.078,False,591
2022-06-22 10:28:04.2,1.081,False,591
2022-06-22 10:28:04.4,1.085,False,591
2022-06-22 10:28:04.6,1.089,False,591
2022-06-22 10:28:04.8,1.095,False,591
2022-06-22 10:28:05.0,1.102,False,591
2022-06-22 10:28:05.2,1.110,False,591
2022-06-22 10:28:05.4,1.119,False,591
2022-06-22 10:28:05.6,1.130,False,591
2022-06-22 10:28:05.8,1.141,False,591
2022-06-22 10:28:05.10,1.152,False,591
2022-06-22 10:28:06.0,1.167,False,591
2022-06-22 10:28:06.2,1.181,False,591
2022-06-22 10:28:06.4,1.197,False,591
2022-06-22 10:28:06.6,1.214,False,591
2022-06-22 10:28:07.0,1.232,False,591
2022-06-22 10:28:07.2,1.251,False,591
2022-06-22 10:28:07.4,1.271,False,591
2022-06-22 10:28:07.6,1.293,False,591
2022-06-22 10:28:07.8,1.315,False,591
2022-06-22 10:28:08.0,1.339,False,591
2022-06-22 10:28:08.2,1.363,False,591
2022-06-22 10:28:08.4,1.390,False,591
2022-06-22 10:28:08.6,1.416,False,591
2022-06-22 10:28:08.8,1.444,False,591
2022-06-22 10:28:08.10,1.473,False,591
2022-06-22 10:28:09.0,1.503,False,591
2022-06-22 10:28:09.2,1.535,False,591
2022-06-22 10:28:09.4,1.567,False,591
2022-06-22 10:28:09.6,1.601,False,591
2022-06-22 10:28:10.0,1.635,False,591
2022-06-22 10:28:10.2,1.671,False,591
2022-06-22 10:28:10.4,1.707,False,591
2022-06-22 10:28:10.6,1.745,False,591
2022-06-22 10:28:10.8,1.784,False,591
2022-06-22 10:28:11.0,1.823,False,591
2022-06-22 10:28:11.2,1.864,False,591
2022-06-22 10:28:11.4,1.820,False,591
2022-06-22 10:28:11.6,1.862,False,591
2022-06-22 10:28:11.8,1.905,False,591
2022-06-22 10:28:11.10,1.949,False,591
2022-06-22 10:28:12.0,1.995,False,591
2022-06-22 10:28:12.2,2.041,False,591
2022-06-22 10:28:12.4,2.088,False,591
2022-06-22 10:28:12.6,2.135,False,591
2022-06-22 10:28:13.0,2.184,False,591
2022-06-22 10:28:13.2,2.232,False,591
2022-06-22 10:28:13.4,2.282,False,591
2022-06-22 10:28:13.6,2.333,False,591
2022-06-22 10:28:13.8,2.385,False,591
2022-06-22 10:28:14.0,2.437,False,591
2022-06-22 10:28:14.2,2.489,False,591
2022-06-22 10:28:14.4,2.542,False,591
2022-06-22 10:28:14.6,2.596,False,591
2022-06-22 10:28:14.8,2.650,False,591
2022-06-22 10:28:14.10,2.705,False,591
2022-06-22 10:28:15.0,2.762,False,591
2022-06-22 10:28:15.2,2.817,False,591
2022-06-22 10:28:15.4,2.874,False,591
2022-06-22 10:28:15.6,2.931,False,591
2022-06-22 10:28:16.0,2.988,False,591
2022-06-22 10:28:16.2,3.047,False,591
2022-06-22 10:28:16.4,3.105,False,591
2022-06-22 10:28:16.6,3.164,False,591
2022-06-22 10:28:16.8,3.224,False,591
2022-06-22 10:28:16.10,3.283,False,591
2022-06-22 10:28:17.0,3.343,False,591
2022-06-22 10:28:17.2,1.829,False,591
2022-06-22 10:28:17.4,1.889,False,591
2022-06-22 10:28:17.6,1.950,False,591
2022-06-22 10:28:17.8,2.011,False,591
2022-06-22 10:28:18.0,2.071,False,591
2022-06-22 10:28:18.2,2.133,False,591
2022-06-22 10:28:18.4,2.194,False,591
2022-06-22 10:28:18.6,2.257,False,591
2022-06-22 10:28:18.8,2.318,False,591
2022-06-22 10:28:19.0,2.380,False,591
2022-06-22 10:28:19.2,2.442,False,591
2022-06-22 10:28:19.4,2.504,False,591
2022-06-22 10:28:19.6,2.566,False,591
2022-06-22 10:28:19.8,2.628,False,591
2022-06-22 10:28:20.0,2.690,False,591
2022-06-22 10:28:20.2,2.752,False,591
2022-06-22 10:28:20.4,2.814,False,591
2022-06-22 10:28:20.6,2.877,False,591
2022-06-22 10:28:20.8,2.940,False,591
2022-06-22 10:28:21.0,3.003,False,591
2022-06-22 10:28:21.2,3.065,False,591
2022-06-22 10:28:21.4,3.128,False,591
2022-06-22 10:28:21.6,3.190,False,591
2022-06-22 10:28:21.8,3.253,False,591
2022-06-22 10:28:22.0,3.314,False,591
2022-06-22 10:28:22.2,3.378,False,591
2022-06-22 10:28:22.4,3.439,False,591
2022-06-22 10:28:22.6,3.502,False,591
2022-06-22 10:28:22.8,3.565,False,591
2022-06-22 10:28:23.0,3.627,False,591
2022-06-22 10:28:23.2,3.690,False,592
2022-06-22 10:28:23.4,3.753,False,592
2022-06-22 10:28:23.6,3.814,False,592
2022-06-22 10:28:23.8,3.878,False,592
2022-06-22 10:28:24.0,3.940,False,592
2022-06-22 10:28:24.2,4.003,False,592
2022-06-22 10:28:24.4,4.065,False,592
2022-06-22 10:28:24.6,4.128,False,592
2022-06-22 10:28:24.8,4.190,False,592
2022-06-22 10:28:25.0,4.253,False,592
2022-06-22 10:28:25.2,4.316,False,592
2022-06-22 10:28:25.4,4.379,False,592
2022-06-22 10:28:25.6,4.441,False,592
2022-06-22 10:28:25.8,4.506,False,592
2022-06-22 10:28:26.0,4.568,False,592
2022-06-22 10:28:26.2,4.632,False,592
2022-06-22 10:28:26.4,4.695,False,592
2022-06-22 10:28:26.6,4.759,False,592
2022-06-22 10:28:26.8,4.822,False,592
2022-06-22 10:28:27.0,4.886,False,592
2022-06-22 10:28:27.2,4.949,False,592
2022-06-22 10:28:27.4,5.014,False,592
2022-06-22 10:28:27.6,5.077,False,592
2022-06-22 10:28:27.8,5.142,False,592
2022-06-22 10:28:28.0,5.207,False,592
2022-06-22 10:28:28.2,5.271,False,592
2022-06-22 10:28:28.4,5.336,False,592
2022-06-22 10:28:28.6,5.400,False,592
2022-06-22 10:28:28.8,5.465,False,592
2022-06-22 10:28:29.0,5.530,False,592
2022-06-22 10:28:29.2,5.596,False,592
2022-06-22 10:28:29.4,5.660,False,592
2022-06-22 10:28:29.6,5.726,False,592
2022-06-22 10:28:29.8,5.791,False,592
2022-06-22 10:28:30.0,5.857,False,592
2022-06-22 10:28:30.2,5.923,False,592
2022-06-22 10:28:30.4,5.989,False,592
2022-06-22 10:28:30.6,6.055,False,592
2022-06-22 10:28:30.8,6.120,False,592
2022-06-22 10:28:31.0,6.187,False,592
2022-06-22 10:28:31.2,6.253,False,592
2022-06-22 10:28:31.4,6.318,False,592
2022-06-22 10:28:31.6,6.385,False,592
2022-06-22 10:28:31.8,6.451,False,592
2022-06-22 10:28:32.0,6.518,False,592
2022-06-22 10:28:32.2,6.584,False,592
2022-06-22 10:28:32.4,6.649,False,592
2022-06-22 10:28:32.6,6.717,False,592
2022-06-22 10:28:32.8,6.782,False,592
2022-06-22 10:28:33.0,6.850,False,592
2022-06-22 10:28:33.2,6.916,False,592
2022-06-22 10:28:33.4,6.982,False,592
2022-06-22 10:28:33.6,7.049,False,592
2022-06-22 10:28:34.0,7.115,False,592
2022-06-22 10:28:34.2,7.183,False,592
2022-06-22 10:28:34.4,7.249,False,592
2022-06-22 10:28:34.6,7.315,False,592
2022-06-22 10:28:34.8,1.069,False,592
2022-06-22 10:28:34.10,1.136,False,592
2022-06-22 10:28:35.0,1.203,False,592
2022-06-22 10:28:35.2,1.270,False,592
2022-06-22 10:28:35.4,1.336,False,592
2022-06-22 10:28:35.6,1.403,False,592
2022-06-22 10:28:35.8,1.470,False,592
2022-06-22 10:28:36.0,1.536,False,592
2022-06-22 10:28:36.2,1.604,False,592
2022-06-22 10:28:36.4,1.059,False,592
2022-06-22 10:28:36.6,1.125,False,592
2022-06-22 10:28:37.0,1.192,False,592
2022-06-22 10:28:37.2,1.259,False,592
2022-06-22 10:28:37.4,1.325,False,592
2022-06-22 10:28:37.6,1.393,False,592
2022-06-22 10:28:37.8,1.460,False,592
2022-06-22 10:28:37.10,1.526,False,592
2022-06-22 10:28:38.0,1.593,False,592
2022-06-22 10:28:38.2,1.660,False,592
2022-06-22 10:28:38.4,1.728,False,592
2022-06-22 10:28:38.6,1.794,False,592
2022-06-22 10:28:38.8,1.860,False,592
2022-06-22 10:28:39.0,1.928,False,592
2022-06-22 10:28:39.2,1.994,False,592
2022-06-22 10:28:39.4,2.062,False,592
2022-06-22 10:28:39.6,2.128,False,592
2022-06-22 10:28:40.0,2.194,False,592
2022-06-22 10:28:40.2,1.885,False,592
2022-06-22 10:28:40.4,1.952,False,592
2022-06-22 10:28:40.6,2.020,False,592
2022-06-22 10:28:40.8,2.086,False,592
2022-06-22 10:28:40.10,2.152,False,592
2022-06-22 10:28:41.0,2.220,False,593
2022-06-22 10:28:41.2,2.287,False,593
2022-06-22 10:28:41.4,2.354,False,593
2022-06-22 10:28:41.6,2.421,False,593
2022-06-22 10:28:41.8,2.487,False,593
2022-06-22 10:28:42.0,2.554,False,593
2022-06-22 10:28:42.2,2.621,False,593
2022-06-22 10:28:42.4,2.688,False,593
2022-06-22 10:28:42.6,2.756,False,593
2022-06-22 10:28:42.8,2.822,False,593
2022-06-22 10:28:43.0,2.889,False,593
2022-06-22 10:28:43.2,2.956,False,593
2022-06-22 10:28:43.4,3.023,False,593
2022-06-22 10:28:43.6,3.091,False,593
2022-06-22 10:28:44.0,3.157,False,593
2022-06-22 10:28:44.2,3.225,False,593
2022-06-22 10:28:44.4,3.291,False,593
2022-06-22 10:28:44.6,3.358,False,593
2022-06-22 10:28:44.8,3.425,False,593
2022-06-22 10:28:44.10,3.492,False,593
2022-06-22 10:28:45.0,3.560,False,593
2022-06-22 10:28:45.2,3.627,False,593
2022-06-22 10:28:45.4,3.693,False,593
2022-06-22 10:28:45.6,3.761,False,593
